doi,wos-uid,author,journal
DO=10.1007/s11017-022-09601-3,WOS:000894549100001,"Moen, Ole Martin",THEORETICAL MEDICINE AND BIOETHICS
DO=10.1007/s13347-023-00620-z,0,0,0
DO=10.1007/s44020-023-00032-8,WOS:000953864100001,"Turner, Carmel",AUSTRALIAN JOURNAL OF LANGUAGE AND LITERACY
DO=10.1007/s44020-023-00032-8,WOS:000953864100001,"Barton, Georgina",AUSTRALIAN JOURNAL OF LANGUAGE AND LITERACY
DO=10.1007/s44020-023-00032-8,WOS:000953864100001,"Riddle, Stewart",AUSTRALIAN JOURNAL OF LANGUAGE AND LITERACY
DO=10.1186/s42522-022-00076-9,WOS:000948833600001,"Van Patter, Lauren E. E.",ONE HEALTH OUTLOOK
DO=10.1186/s42522-022-00076-9,WOS:000948833600001,"Linares-Roake, Julia",ONE HEALTH OUTLOOK
DO=10.1186/s42522-022-00076-9,WOS:000948833600001,"Breen, Andrea V.",ONE HEALTH OUTLOOK
DO=10.1007/s12369-023-00979-1,WOS:000943108000001,"Velazquez, Isabel Garcia",INTERNATIONAL JOURNAL OF SOCIAL ROBOTICS
DO=10.1007/s10460-022-10337-y,WOS:000830933700001,"Tarjem, Ida Arff",AGRICULTURE AND HUMAN VALUES
DO=10.1007/s10460-022-10337-y,WOS:000830933700001,"Westengen, Ola Tveitereid",AGRICULTURE AND HUMAN VALUES
DO=10.1007/s10460-022-10337-y,WOS:000830933700001,"Wisborg, Poul",AGRICULTURE AND HUMAN VALUES
DO=10.1007/s10460-022-10337-y,WOS:000830933700001,"Glaab, Katharina",AGRICULTURE AND HUMAN VALUES
DO=10.1007/s11024-022-09482-9,WOS:000909430000001,"McEntee, Marie",MINERVA
DO=10.1007/s11024-022-09482-9,WOS:000909430000001,"Medvecky, Fabien",MINERVA
DO=10.1007/s11024-022-09482-9,WOS:000909430000001,"MacBride-Stewart, Sara",MINERVA
DO=10.1007/s11024-022-09482-9,WOS:000909430000001,"Macknight, Vicki",MINERVA
DO=10.1007/s11024-022-09482-9,WOS:000909430000001,"Martin, Michael",MINERVA
DO=10.1007/s42438-023-00391-y,0,0,0
DO=10.1007/s11017-023-09606-6,WOS:000929959600002,"Brennan, Cian",THEORETICAL MEDICINE AND BIOETHICS
DO=10.1007/s10551-023-05339-7,WOS:000930197100001,"Bankins, Sarah",JOURNAL OF BUSINESS ETHICS
DO=10.1007/s10551-023-05339-7,WOS:000930197100001,"Formosa, Paul",JOURNAL OF BUSINESS ETHICS
DO=10.1057/s41599-023-01543-y,WOS:000931459700003,"Jafari, Mona",HUMANITIES & SOCIAL SCIENCES COMMUNICATIONS
DO=10.1057/s41599-023-01543-y,WOS:000931459700003,"Beyad, Maryam Soltan",HUMANITIES & SOCIAL SCIENCES COMMUNICATIONS
DO=10.1057/s41599-023-01543-y,WOS:000931459700003,"Ramin, Zohreh",HUMANITIES & SOCIAL SCIENCES COMMUNICATIONS
DO=10.1007/s00146-021-01296-9,WOS:000710829400001,"Larsen, Mads",AI & SOCIETY
DO=10.1007/s10978-022-09342-1,WOS:000950260100002,"Carias, Reuben",LAW AND CRITIQUE
DO=10.1007/s00146-021-01311-z,WOS:000714828000001,"Svensson, Jakob",AI & SOCIETY
DO=10.1007/s10796-021-10139-3,WOS:000861550500001,"Zhang, Jingying",18TH INTERNATIONAL SOC DESIGN CONFERENCE 2021 (ISOCC 2021)
DO=10.1007/s10796-021-10139-3,WOS:000861550500001,"Zhao, Yang",18TH INTERNATIONAL SOC DESIGN CONFERENCE 2021 (ISOCC 2021)
DO=10.1007/s10796-021-10139-3,WOS:000861550500001,"Chen, Mingyi",18TH INTERNATIONAL SOC DESIGN CONFERENCE 2021 (ISOCC 2021)
DO=10.1007/s10796-021-10139-3,WOS:000861550500001,"Chen, Chixiao",18TH INTERNATIONAL SOC DESIGN CONFERENCE 2021 (ISOCC 2021)
DO=10.1007/s10796-021-10139-3,WOS:000861550500001,"Ye, Fan",18TH INTERNATIONAL SOC DESIGN CONFERENCE 2021 (ISOCC 2021)
DO=10.1007/s10796-021-10139-3,WOS:000861550500001,"Qi, Liang",18TH INTERNATIONAL SOC DESIGN CONFERENCE 2021 (ISOCC 2021)
DO=10.1007/s10796-021-10139-3,WOS:000861550500001,IEEE,18TH INTERNATIONAL SOC DESIGN CONFERENCE 2021 (ISOCC 2021)
DO=10.1007/s11196-022-09930-5,WOS:000863972100001,"Philippopoulos-Mihalopoulos, Andreas",INTERNATIONAL JOURNAL FOR THE SEMIOTICS OF LAW-REVUE INTERNATIONALE DE SEMIOTIQUE JURIDIQUE
DO=10.1007/s00146-021-01295-w,WOS:000767970100001,"Fosch-Villaronga, Eduard",HRI '21: COMPANION OF THE 2021 ACM/IEEE INTERNATIONAL CONFERENCE ON HUMAN-ROBOT INTERACTION
DO=10.1007/s00146-021-01295-w,WOS:000767970100001,"Poulse, Adam",HRI '21: COMPANION OF THE 2021 ACM/IEEE INTERNATIONAL CONFERENCE ON HUMAN-ROBOT INTERACTION
DO=10.1007/s00146-021-01295-w,WOS:000767970100001,ASSOC COMP MACHINERY,HRI '21: COMPANION OF THE 2021 ACM/IEEE INTERNATIONAL CONFERENCE ON HUMAN-ROBOT INTERACTION
DO=10.1007/s00146-021-01299-6,WOS:000703794000002,"Hermann, Isabella",AI & SOCIETY
DO=10.1007/s44223-023-00022-3,0,0,0
DO=10.1007/s42438-022-00389-y,0,0,0
DO=10.1007/978-3-031-16950-2_1,0,0,0
DO=10.2991/978-2-494069-97-8_36,0,0,0
DO=10.1007/978-981-19-6752-8_3,0,0,0
DO=10.1007/978-3-031-12604-8_13,0,0,0
DO=10.1007/978-3-031-16950-2_2,0,0,0
DO=10.1007/978-3-031-19201-2_4,0,0,0
DO=10.1007/978-3-030-91275-8_1,0,0,0
DO=10.1007/978-981-19-8951-3_8,0,0,0
DO=10.1007/978-981-19-8951-3_13,0,0,0
DO=10.1007/978-981-19-7985-9_1,0,0,0
DO=10.1007/978-3-031-13508-8_5,0,0,0
DO=10.1007/978-3-031-12604-8_7,0,0,0
DO=10.1007/978-3-031-13847-8_5,0,0,0
DO=10.1007/978-3-031-13847-8_8,0,0,0
DO=10.1007/978-3-031-13847-8_4,0,0,0
DO=10.1007/978-3-031-20928-4_6,0,0,0
DO=10.1007/978-981-19-7796-1_19,0,0,0
DO=10.1007/978-3-031-16670-9_2,0,0,0
DO=10.2991/978-94-6463-064-0_57,0,0,0
DO=10.1007/978-3-031-17403-2_1,0,0,0
DO=10.1007/s10583-022-09521-9,WOS:000901852000001,"Burton, Lindsay",CHILDRENS LITERATURE IN EDUCATION
DO=10.1007/s10583-021-09459-4,WOS:000673176300001,"Kerslake, Lorraine",CHILDRENS LITERATURE IN EDUCATION
DO=10.1007/s10816-022-09555-9,WOS:000765648000001,"Jervis, Ben",JOURNAL OF ARCHAEOLOGICAL METHOD AND THEORY
DO=10.1007/s11673-022-10206-7,WOS:000857285700001,"Wienmeister, Annett",JOURNAL OF BIOETHICAL INQUIRY
DO=10.1007/s10734-022-00930-9,WOS:000862741100001,"Ashwin, Paul",HIGHER EDUCATION
DO=10.1057/s42984-022-00056-3,0,0,0
DO=10.1057/s42984-022-00048-3,0,0,0
DO=10.1007/s12369-022-00876-z,WOS:000826804600001,"Osawa, Hirotaka",INTERNATIONAL JOURNAL OF SOCIAL ROBOTICS
DO=10.1007/s12369-022-00876-z,WOS:000826804600001,"Miyamoto, Dohjin",INTERNATIONAL JOURNAL OF SOCIAL ROBOTICS
DO=10.1007/s12369-022-00876-z,WOS:000826804600001,"Hase, Satoshi",INTERNATIONAL JOURNAL OF SOCIAL ROBOTICS
DO=10.1007/s12369-022-00876-z,WOS:000826804600001,"Saijo, Reina",INTERNATIONAL JOURNAL OF SOCIAL ROBOTICS
DO=10.1007/s12369-022-00876-z,WOS:000826804600001,"Fukuchi, Kentaro",INTERNATIONAL JOURNAL OF SOCIAL ROBOTICS
DO=10.1007/s12369-022-00876-z,WOS:000826804600001,"Miyake, Yoichiro",INTERNATIONAL JOURNAL OF SOCIAL ROBOTICS
DO=10.1007/s10643-022-01415-1,WOS:000886325200001,"Kucirkova, Natalia",EARLY CHILDHOOD EDUCATION JOURNAL
DO=10.1007/s10643-022-01415-1,WOS:000886325200001,"Grover, Vibeke",EARLY CHILDHOOD EDUCATION JOURNAL
DO=10.1007/s40656-022-00540-9,WOS:000881610300003,"Friedman, Yael",HISTORY AND PHILOSOPHY OF THE LIFE SCIENCES
DO=10.1007/s10551-021-04945-7,WOS:000698319600002,"Gherardi, Silvia",JOURNAL OF BUSINESS ETHICS
DO=10.1007/s10551-021-04945-7,WOS:000698319600002,"Laasch, Oliver",JOURNAL OF BUSINESS ETHICS
DO=10.1007/s11948-022-00410-4,WOS:000877692100001,"Lyreskog, David M.",SCIENCE AND ENGINEERING ETHICS
DO=10.1007/s11948-022-00410-4,WOS:000877692100001,"McKeown, Alex",SCIENCE AND ENGINEERING ETHICS
DO=10.1007/s12369-022-00921-x,WOS:000877826800003,"Bharatharaj, Jaishankar",INTERNATIONAL JOURNAL OF SOCIAL ROBOTICS
DO=10.1007/s12369-022-00921-x,WOS:000877826800003,"Kutty, Senthil Kumar Sasthan",INTERNATIONAL JOURNAL OF SOCIAL ROBOTICS
DO=10.1007/s12369-022-00921-x,WOS:000877826800003,"Munisamy, Achudhan",INTERNATIONAL JOURNAL OF SOCIAL ROBOTICS
DO=10.1007/s12369-022-00921-x,WOS:000877826800003,"Krageloh, Christian U.",INTERNATIONAL JOURNAL OF SOCIAL ROBOTICS
DO=10.1007/s10978-022-09328-z,WOS:000826820600001,"Chandler, David",LAW AND CRITIQUE
DO=10.1007/s43681-021-00110-y,0,0,0
DO=10.1007/s11948-022-00404-2,WOS:000873816800001,"Jebari, Karim",SCIENCE AND ENGINEERING ETHICS
DO=10.1007/s11948-022-00404-2,WOS:000873816800001,"Sandberg, Anders",SCIENCE AND ENGINEERING ETHICS
DO=10.1007/s13347-022-00591-7,0,0,0
DO=10.1007/s13384-022-00578-5,WOS:000869348200001,"Wolfe, Melissa Joy",AUSTRALIAN EDUCATIONAL RESEARCHER
DO=10.1007/s43638-022-00041-3,0,0,0
DO=10.1007/s10699-022-09855-z,WOS:000866292100001,"Buongiorno, Federica",FOUNDATIONS OF SCIENCE
DO=10.1007/s42438-022-00311-6,0,0,0
DO=10.1007/s10745-022-00354-0,WOS:000861174200001,"Gomez, Silvia",HUMAN ECOLOGY
DO=10.1007/s10978-022-09323-4,WOS:000852249500001,"Kotze, Louis J.",LAW AND CRITIQUE
DO=10.1007/s10978-022-09323-4,WOS:000852249500001,"Adelman, Sam",LAW AND CRITIQUE
DO=10.1007/s10583-022-09508-6,WOS:000849987500001,"Wlodarczyk, Justyna",CHILDRENS LITERATURE IN EDUCATION
DO=10.1007/s10583-022-09508-6,WOS:000849987500001,"Wilde, Julia",CHILDRENS LITERATURE IN EDUCATION
DO=10.1007/s41297-022-00172-w,0,0,0
DO=10.1007/s41244-022-00261-3,WOS:000830377600001,"Crane, Kylie",LILI-ZEITSCHRIFT FUR LITERATURWISSENSCHAFT UND LINGUISTIK
DO=10.1007/s42438-022-00333-0,0,0,0
DO=10.1134/S1019331622120073,WOS:000861880000002,"Merzlyakov, S. S.",HERALD OF THE RUSSIAN ACADEMY OF SCIENCES
DO=10.1057/s41286-022-00135-6,WOS:000837961000001,"Roberts, Tom",SUBJECTIVITY
DO=10.1057/s41286-022-00135-6,WOS:000837961000001,"Lapworth, Andrew",SUBJECTIVITY
DO=10.1057/s41286-022-00135-6,WOS:000837961000001,"Dewsbury, J. D.",SUBJECTIVITY
DO=10.1007/s41244-022-00262-2,WOS:000829680000001,"Temmen, Jens",LILI-ZEITSCHRIFT FUR LITERATURWISSENSCHAFT UND LINGUISTIK
DO=10.1057/s41286-022-00137-4,WOS:000852254900001,"Hickey-Moody, Anna",SUBJECTIVITY
DO=10.1007/s10699-020-09766-x,WOS:000635509800002,"Wiltse, Heather",FOUNDATIONS OF SCIENCE
DO=10.1007/s11422-021-10082-4,WOS:000761876900001,"Smith, Theila",CULTURAL STUDIES OF SCIENCE EDUCATION
DO=10.1007/s11422-021-10082-4,WOS:000761876900001,"Avraamidou, Lucy",CULTURAL STUDIES OF SCIENCE EDUCATION
DO=10.1007/s11422-021-10082-4,WOS:000761876900001,"Adams, Jennifer D.",CULTURAL STUDIES OF SCIENCE EDUCATION
DO=10.1057/s41599-022-01314-1,WOS:000847336300002,Liu Yu-cheng,HUMANITIES & SOCIAL SCIENCES COMMUNICATIONS
DO=10.1007/s42438-022-00330-3,0,0,0
DO=10.1007/s42438-022-00326-z,0,0,0
DO=10.1007/s00146-022-01501-3,WOS:000837912000001,"Sherman, Stephanie",AI & SOCIETY
DO=10.1007/s11948-022-00387-0,WOS:000835695200001,"Bak, Marieke A. R.",SCIENCE AND ENGINEERING ETHICS
DO=10.1007/s11948-022-00387-0,WOS:000835695200001,"Willems, Dick L.",SCIENCE AND ENGINEERING ETHICS
DO=10.1007/s11569-022-00423-0,WOS:000849176600001,"Okay, Ayse Melis",NANOETHICS
DO=10.1007/s11569-022-00423-0,WOS:000849176600001,"Tasdizen, Burak",NANOETHICS
DO=10.1007/s11569-022-00423-0,WOS:000849176600001,"McKinnon Bell, Charles John",NANOETHICS
DO=10.1007/s11569-022-00423-0,WOS:000849176600001,"Topdal, Beyza Dilem",NANOETHICS
DO=10.1007/s11569-022-00423-0,WOS:000849176600001,"Sahinol, Melike",NANOETHICS
DO=10.1007/s11569-022-00421-2,WOS:000843777900001,"Sahinol, Merve",NANOETHICS
DO=10.1007/s11569-022-00421-2,WOS:000843777900001,"Sahinol, Melike",NANOETHICS
DO=10.1007/s11196-021-09839-5,WOS:000656792200001,"Heritier, Paolo",INTERNATIONAL JOURNAL FOR THE SEMIOTICS OF LAW-REVUE INTERNATIONALE DE SEMIOTIQUE JURIDIQUE
DO=10.1007/s44206-022-00008-0,0,0,0
DO=10.1186/s40309-022-00205-7,WOS:000824893200001,"Romani, Alessia",EUROPEAN JOURNAL OF FUTURES RESEARCH
DO=10.1186/s40309-022-00205-7,WOS:000824893200001,"Casnati, Francesca",EUROPEAN JOURNAL OF FUTURES RESEARCH
DO=10.1186/s40309-022-00205-7,WOS:000824893200001,"Ianniello, Alessandro",EUROPEAN JOURNAL OF FUTURES RESEARCH
DO=10.1186/s40711-022-00168-z,WOS:000825341800002,"Yang, Yuchen",JOURNAL OF CHINESE SOCIOLOGY
DO=10.1007/s10551-021-04801-8,WOS:000636412500001,"Sayers, Janet",JOURNAL OF BUSINESS ETHICS
DO=10.1007/s10551-021-04801-8,WOS:000636412500001,"Martin, Lydia",JOURNAL OF BUSINESS ETHICS
DO=10.1007/s10551-021-04801-8,WOS:000636412500001,"Bell, Emma",JOURNAL OF BUSINESS ETHICS
DO=10.1007/s12369-021-00840-3,WOS:000749100400001,"Lamola, Malesela John",INTERNATIONAL JOURNAL OF SOCIAL ROBOTICS
DO=10.1007/s13384-022-00516-5,WOS:000774650100001,"Wise, Kit",AUSTRALIAN EDUCATIONAL RESEARCHER
DO=10.1007/s13384-022-00516-5,WOS:000774650100001,"MacDonald, Abbey",AUSTRALIAN EDUCATIONAL RESEARCHER
DO=10.1007/s13384-022-00516-5,WOS:000774650100001,"Badham, Marnie",AUSTRALIAN EDUCATIONAL RESEARCHER
DO=10.1007/s13384-022-00516-5,WOS:000774650100001,"Brown, Natalie",AUSTRALIAN EDUCATIONAL RESEARCHER
DO=10.1007/s13384-022-00516-5,WOS:000774650100001,"Rankin, Scott",AUSTRALIAN EDUCATIONAL RESEARCHER
DO=10.1007/s11186-022-09474-4,WOS:000752241600001,"Hearn, Jeff",THEORY AND SOCIETY
DO=10.1007/s11186-022-09474-4,WOS:000752241600001,"Strid, Sofia",THEORY AND SOCIETY
DO=10.1007/s11186-022-09474-4,WOS:000752241600001,"Humbert, Anne Laure",THEORY AND SOCIETY
DO=10.1007/s11186-022-09474-4,WOS:000752241600001,"Balkmar, Dag",THEORY AND SOCIETY
DO=10.1007/s10551-022-05174-2,WOS:000815564900001,"Kortetmaki, Teea",JOURNAL OF BUSINESS ETHICS
DO=10.1007/s10551-022-05174-2,WOS:000815564900001,"Heikkinen, Anna",JOURNAL OF BUSINESS ETHICS
DO=10.1007/s10551-022-05174-2,WOS:000815564900001,"Jokinen, Ari",JOURNAL OF BUSINESS ETHICS
DO=10.1007/s10699-022-09853-1,WOS:000815454400001,"Ferro, Floriana",FOUNDATIONS OF SCIENCE
DO=10.1007/s00146-022-01492-1,WOS:000813632800001,"Scorici, Gabriela",AI & SOCIETY
DO=10.1007/s00146-022-01492-1,WOS:000813632800001,"Schultz, Mario D.",AI & SOCIETY
DO=10.1007/s00146-022-01492-1,WOS:000813632800001,"Seele, Peter",AI & SOCIETY
DO=10.1007/s43681-022-00186-0,0,0,0
DO=10.1007/s42438-022-00317-0,0,0,0
DO=10.1007/s11422-021-10075-3,WOS:000696413100001,"Postila, Teresa Elkin",CULTURAL STUDIES OF SCIENCE EDUCATION
DO=10.1007/s41358-021-00305-z,0,0,0
DO=10.1007/s00146-021-01212-1,WOS:000662110300001,"Gemeinboeck, Petra",AI & SOCIETY
DO=10.1007/s00146-021-01212-1,WOS:000662110300001,"Saunders, Rob",AI & SOCIETY
DO=10.1007/s11299-021-00281-5,0,0,0
DO=10.1007/s13178-022-00733-8,WOS:000801196200001,"Storer, Daniel",SEXUALITY RESEARCH AND SOCIAL POLICY
DO=10.1007/s13178-022-00733-8,WOS:000801196200001,"Prestage, Garrett",SEXUALITY RESEARCH AND SOCIAL POLICY
DO=10.1007/s13178-022-00733-8,WOS:000801196200001,"McManus, Hamish",SEXUALITY RESEARCH AND SOCIAL POLICY
DO=10.1007/s13178-022-00733-8,WOS:000801196200001,"Maher, Lisa",SEXUALITY RESEARCH AND SOCIAL POLICY
DO=10.1007/s13178-022-00733-8,WOS:000801196200001,"Bavinton, Benjamin R.",SEXUALITY RESEARCH AND SOCIAL POLICY
DO=10.1007/s13178-022-00733-8,WOS:000801196200001,"Ellard, Jeanne",SEXUALITY RESEARCH AND SOCIAL POLICY
DO=10.1007/s13178-022-00733-8,WOS:000801196200001,"Jin, Fengyi",SEXUALITY RESEARCH AND SOCIAL POLICY
DO=10.1007/s13178-022-00733-8,WOS:000801196200001,"Philpot, Steven",SEXUALITY RESEARCH AND SOCIAL POLICY
DO=10.1007/s13178-022-00733-8,WOS:000801196200001,"Holt, Martin",SEXUALITY RESEARCH AND SOCIAL POLICY
DO=10.1007/s13178-022-00733-8,WOS:000801196200001,"Saxton, Peter",SEXUALITY RESEARCH AND SOCIAL POLICY
DO=10.1007/s13178-022-00733-8,WOS:000801196200001,"Haire, Bridget",SEXUALITY RESEARCH AND SOCIAL POLICY
DO=10.1007/s13178-022-00733-8,WOS:000801196200001,"Murphy, Dean",SEXUALITY RESEARCH AND SOCIAL POLICY
DO=10.1007/s13178-022-00733-8,WOS:000801196200001,"Hammoud, Mohamed A.",SEXUALITY RESEARCH AND SOCIAL POLICY
DO=10.1007/s43681-022-00169-1,0,0,0
DO=10.1007/s13347-022-00536-0,0,0,0
DO=10.1007/s41682-021-00091-z,MEDLINE:34938948,"Kolodziejska, Marta",What can the COVID-19 pandemic tell us about the connection between media and religion? The case of the Seventh-Day Adventist Church in Poland.
DO=10.1007/s44150-022-00035-y,0,0,0
DO=10.1038/s41598-022-10805-9,WOS:000787775900076,"Spath, Jana",SCIENTIFIC REPORTS
DO=10.1038/s41598-022-10805-9,WOS:000787775900076,"Fick, Jerker",SCIENTIFIC REPORTS
DO=10.1038/s41598-022-10805-9,WOS:000787775900076,"McCallum, Erin",SCIENTIFIC REPORTS
DO=10.1038/s41598-022-10805-9,WOS:000787775900076,"Cerveny, Daniel",SCIENTIFIC REPORTS
DO=10.1038/s41598-022-10805-9,WOS:000787775900076,"Nording, Malin L.",SCIENTIFIC REPORTS
DO=10.1038/s41598-022-10805-9,WOS:000787775900076,"Brodin, Tomas",SCIENTIFIC REPORTS
DO=10.1057/s41599-022-01147-y,WOS:000784975800002,"Almeida, Mara",HUMANITIES & SOCIAL SCIENCES COMMUNICATIONS
DO=10.1057/s41599-022-01147-y,WOS:000784975800002,"Ranisch, Robert",HUMANITIES & SOCIAL SCIENCES COMMUNICATIONS
DO=10.1007/s00146-022-01439-6,WOS:000781159900002,"Mamak, Kamil",AI & SOCIETY
DO=10.1007/s10551-020-04666-3,WOS:000607012500001,"Clarke, Caroline",JOURNAL OF BUSINESS ETHICS
DO=10.1007/s10551-020-04666-3,WOS:000607012500001,"Knights, David",JOURNAL OF BUSINESS ETHICS
DO=10.1007/s11569-022-00416-z,WOS:000788937100001,"Compagna, Diego",NANOETHICS
DO=10.1007/s11569-022-00416-z,WOS:000788937100001,"Sahinol, Melike",NANOETHICS
DO=10.1007/s11569-021-00402-x,WOS:000736397700001,"Butnaru, Denisa",NANOETHICS
DO=10.1007/s42438-021-00239-3,0,0,0
DO=10.1007/s42438-021-00259-z,0,0,0
DO=10.1007/s42438-021-00256-2,0,0,0
DO=10.1007/s42438-021-00273-1,0,0,0
DO=10.1007/s13347-022-00523-5,0,0,0
DO=10.1057/s41599-022-01111-w,WOS:000774850500002,"Toivonen, Heidi",HUMANITIES & SOCIAL SCIENCES COMMUNICATIONS
DO=10.1057/s41599-022-01078-8,WOS:000772801000002,"Cinque, Toija",HUMANITIES & SOCIAL SCIENCES COMMUNICATIONS
DO=10.1007/s10701-022-00549-x,WOS:000766162300002,"Muir, Heather A.",FOUNDATIONS OF PHYSICS
DO=10.1007/s13218-021-00747-1,WOS:000727752800001,"Keune, Anna",KUNSTLICHE INTELLIGENZ
DO=10.1007/s42087-020-00125-7,WOS:000766160200003,"Saetra, Henrik Skaug",HUMAN ARENAS
DO=10.1007/s13384-021-00500-5,WOS:000731200900002,"Naidoo, Loshini",AUSTRALIAN EDUCATIONAL RESEARCHER
DO=10.1007/s13384-021-00500-5,WOS:000731200900002,"D'warte, Jacqueline",AUSTRALIAN EDUCATIONAL RESEARCHER
DO=10.1007/s13384-021-00500-5,WOS:000731200900002,"Gannon, Susanne",AUSTRALIAN EDUCATIONAL RESEARCHER
DO=10.1007/s13384-021-00500-5,WOS:000731200900002,"Jacobs, Rachael",AUSTRALIAN EDUCATIONAL RESEARCHER
DO=10.1007/s42087-022-00274-x,WOS:000759412700002,"Tironi, Elisa",HUMAN ARENAS
DO=10.1007/s42087-022-00274-x,WOS:000759412700002,"Barrett, Dylan",HUMAN ARENAS
DO=10.1007/s42087-022-00274-x,WOS:000759412700002,"Rayner, Damian",HUMAN ARENAS
DO=10.1007/s42087-022-00274-x,WOS:000759412700002,"Dillane, Sarah",HUMAN ARENAS
DO=10.1007/s42087-022-00274-x,WOS:000759412700002,"Trapolini, Tania",HUMAN ARENAS
DO=10.1007/s42087-022-00274-x,WOS:000759412700002,"Hewitt, Ramona",HUMAN ARENAS
DO=10.1007/s42087-022-00274-x,WOS:000759412700002,"Henry, Evelyn",HUMAN ARENAS
DO=10.1007/s42087-022-00274-x,WOS:000759412700002,"Rhodes, Paul",HUMAN ARENAS
DO=10.1007/s13132-022-00968-1,WOS:000755106400001,"Hautala, Johanna",JOURNAL OF THE KNOWLEDGE ECONOMY
DO=10.1007/s13132-022-00968-1,WOS:000755106400001,"Jauhiainen, Jussi S.",JOURNAL OF THE KNOWLEDGE ECONOMY
DO=10.1007/s43681-021-00092-x,0,0,0
DO=10.1007/978-3-030-95508-3_10,0,0,0
DO=10.1007/978-3-030-80646-0_5,0,0,0
DO=10.1007/978-3-030-78201-6_3,0,0,0
DO=10.1007/978-3-030-78589-5_1,0,0,0
DO=10.1007/978-3-030-79622-8_9,0,0,0
DO=10.1007/978-981-19-2476-7_2,0,0,0
DO=10.1007/978-3-030-95508-3_1,0,0,0
DO=10.1007/978-3-030-78589-5_2,0,0,0
DO=10.1007/978-981-19-0691-6_1,0,0,0
DO=10.1007/978-3-030-78589-5_3,0,0,0
DO=10.1007/978-3-031-04234-8_6,0,0,0
DO=10.1007/978-3-030-78589-5_4,0,0,0
DO=10.1007/978-3-030-79622-8_6,0,0,0
DO=10.1007/978-3-030-94137-6_3,0,0,0
DO=10.1007/978-3-030-79622-8_16,0,0,0
DO=10.1007/978-3-030-94882-5_6,0,0,0
DO=10.1007/978-3-030-96412-2_2,0,0,0
DO=10.1007/978-3-030-91999-3_2,0,0,0
DO=10.1007/978-3-030-95508-3_6,0,0,0
DO=10.1007/978-3-030-96180-0_9,0,0,0
DO=10.1007/978-3-031-04234-8_14,0,0,0
DO=10.1007/978-3-030-89236-4_6,0,0,0
DO=10.1007/978-3-030-80646-0_1,0,0,0
DO=10.1007/978-3-030-94882-5_1,0,0,0
DO=10.1007/s42438-021-00265-1,0,0,0
DO=10.1007/978-3-030-95508-3_11,0,0,0
DO=10.1007/978-981-16-9640-4_7,0,0,0
DO=10.1007/978-3-030-79622-8_4,0,0,0
DO=10.1007/978-981-16-5983-6_3,WOS:000791028000003,"Li, Yuqian","PROCEEDINGS OF THE 2021 DIGITALFUTURES, CDRF 2021"
DO=10.1007/978-981-16-5983-6_3,WOS:000791028000003,"Xu, Weiguo","PROCEEDINGS OF THE 2021 DIGITALFUTURES, CDRF 2021"
DO=10.1007/978-981-16-5983-6_3,WOS:000791028000003,"Yuan, PF","PROCEEDINGS OF THE 2021 DIGITALFUTURES, CDRF 2021"
DO=10.1007/978-981-16-5983-6_3,WOS:000791028000003,"Chai, H","PROCEEDINGS OF THE 2021 DIGITALFUTURES, CDRF 2021"
DO=10.1007/978-981-16-5983-6_3,WOS:000791028000003,"Yan, C","PROCEEDINGS OF THE 2021 DIGITALFUTURES, CDRF 2021"
DO=10.1007/978-981-16-5983-6_3,WOS:000791028000003,"Leach, N","PROCEEDINGS OF THE 2021 DIGITALFUTURES, CDRF 2021"
DO=10.1007/s00146-021-01375-x,WOS:000736405700001,"Coeckelbergh, Mark",AI & SOCIETY
DO=10.1007/s12369-021-00854-x,WOS:000735718100001,"Wessel, Merle",INTERNATIONAL JOURNAL OF SOCIAL ROBOTICS
DO=10.1007/s12369-021-00854-x,WOS:000735718100001,"Ellerich-Groppe, Niklas",INTERNATIONAL JOURNAL OF SOCIAL ROBOTICS
DO=10.1007/s12369-021-00854-x,WOS:000735718100001,"Schweda, Mark",INTERNATIONAL JOURNAL OF SOCIAL ROBOTICS
DO=10.1186/s12910-021-00732-1,WOS:000728559800001,"Budic, Marina",BMC MEDICAL ETHICS
DO=10.1186/s12910-021-00732-1,WOS:000728559800001,"Galjak, Marko",BMC MEDICAL ETHICS
DO=10.1186/s12910-021-00732-1,WOS:000728559800001,"Rakic, Vojin",BMC MEDICAL ETHICS
DO=10.1007/s11023-021-09585-4,WOS:000725385500001,"Kempt, Hendrik",MINDS AND MACHINES
DO=10.1007/s11023-021-09585-4,WOS:000725385500001,"Bellon, Jacqueline",MINDS AND MACHINES
DO=10.1007/s11023-021-09585-4,WOS:000725385500001,"Naehr-Wagener, Sebastian",MINDS AND MACHINES
DO=10.1007/s11019-021-10030-7,WOS:000662098600001,"Johnson, Tess",MEDICINE HEALTH CARE AND PHILOSOPHY
DO=10.1007/s11017-021-09553-0,WOS:000737695100001,"de Boer, Bas",THEORETICAL MEDICINE AND BIOETHICS
DO=10.1007/s11017-021-09553-0,WOS:000737695100001,"Kudina, Olya",THEORETICAL MEDICINE AND BIOETHICS
DO=10.1007/s13347-021-00480-5,0,0,0
DO=10.1007/s11569-021-00395-7,WOS:000682391000001,"Taylor-Green, Benedict Charles",NANOETHICS
DO=10.1007/s10583-021-09469-2,WOS:000722980600001,"Guanio-Uluru, Lykke",CHILDRENS LITERATURE IN EDUCATION
DO=10.1057/s41599-021-00967-8,WOS:000722606900001,"Huc-Hepher, Saskia",HUMANITIES & SOCIAL SCIENCES COMMUNICATIONS
DO=10.1007/s42452-021-04854-4,WOS:000719895500002,"Yuviler-Gavish, Nirit",SN APPLIED SCIENCES
DO=10.1007/s42452-021-04854-4,WOS:000719895500002,"Kribu, Eitan",SN APPLIED SCIENCES
DO=10.1007/s42452-021-04854-4,WOS:000719895500002,"Weiss, Avi",SN APPLIED SCIENCES
DO=10.1007/s42452-021-04854-4,WOS:000719895500002,"Ben-Hanan, Uri",SN APPLIED SCIENCES
DO=10.1007/s11199-021-01236-3,WOS:000676067500001,"Ringrose, Jessica",SEX ROLES
DO=10.1007/s11199-021-01236-3,WOS:000676067500001,"Regehr, Kaitlyn",SEX ROLES
DO=10.1007/s11199-021-01236-3,WOS:000676067500001,"Whitehead, Sophie",SEX ROLES
DO=10.1007/s41255-021-00017-0,0,0,0
DO=10.1007/s42438-020-00214-4,0,0,0
DO=10.1007/s42087-020-00120-y,WOS:000693203200011,"Ibrahim, Yasmin",HUMAN ARENAS
DO=10.1007/s10758-020-09465-3,WOS:000557337400001,"Kucirkova, Natalia",TECHNOLOGY KNOWLEDGE AND LEARNING
DO=10.1007/s10758-020-09465-3,WOS:000557337400001,"Toda, Yuichi",TECHNOLOGY KNOWLEDGE AND LEARNING
DO=10.1007/s10758-020-09465-3,WOS:000557337400001,"Flewitt, Rosie",TECHNOLOGY KNOWLEDGE AND LEARNING
DO=10.1186/s12909-021-02889-0,WOS:000693302000002,"Bock, Anna",BMC MEDICAL EDUCATION
DO=10.1186/s12909-021-02889-0,WOS:000693302000002,"Elvers, Dirk",BMC MEDICAL EDUCATION
DO=10.1186/s12909-021-02889-0,WOS:000693302000002,"Peters, Florian",BMC MEDICAL EDUCATION
DO=10.1186/s12909-021-02889-0,WOS:000693302000002,"Kramer, Chris",BMC MEDICAL EDUCATION
DO=10.1186/s12909-021-02889-0,WOS:000693302000002,"Kniha, Kristian",BMC MEDICAL EDUCATION
DO=10.1186/s12909-021-02889-0,WOS:000693302000002,"Hoelzle, Frank",BMC MEDICAL EDUCATION
DO=10.1186/s12909-021-02889-0,WOS:000693302000002,"Spreckelsen, Cord",BMC MEDICAL EDUCATION
DO=10.1186/s12909-021-02889-0,WOS:000693302000002,"Modabber, Ali",BMC MEDICAL EDUCATION
DO=10.1057/s41599-021-00875-x,WOS:000688534400002,"Grau-Sarabia, Monica",HUMANITIES & SOCIAL SCIENCES COMMUNICATIONS
DO=10.1057/s41599-021-00875-x,WOS:000688534400002,"Fuster-Morell, Mayo",HUMANITIES & SOCIAL SCIENCES COMMUNICATIONS
DO=10.1007/s11948-021-00329-2,WOS:000686766300001,"Donia, Joseph",SCIENCE AND ENGINEERING ETHICS
DO=10.1007/s11948-021-00329-2,WOS:000686766300001,"Shaw, James A.",SCIENCE AND ENGINEERING ETHICS
DO=10.1007/s11948-021-00331-8,WOS:000683349800001,"Harris, Jamie",SCIENCE AND ENGINEERING ETHICS
DO=10.1007/s11948-021-00331-8,WOS:000683349800001,"Anthis, Jacy Reese",SCIENCE AND ENGINEERING ETHICS
DO=10.1007/s10978-020-09284-6,WOS:000591119900001,"Gilani, Sabrina",LAW AND CRITIQUE
DO=10.1007/s12152-021-09458-8,WOS:000633738100001,"Moen, Ole Martin",NEUROETHICS
DO=10.1007/s11217-020-09748-3,WOS:000598064300001,"Pulkki, Jani",STUDIES IN PHILOSOPHY AND EDUCATION
DO=10.1007/s11217-020-09748-3,WOS:000598064300001,"Varpanen, Jan",STUDIES IN PHILOSOPHY AND EDUCATION
DO=10.1007/s11217-020-09748-3,WOS:000598064300001,"Mullen, John",STUDIES IN PHILOSOPHY AND EDUCATION
DO=10.1007/s42439-020-00031-0,0,0,0
DO=10.1007/s42087-021-00233-y,WOS:000662278600001,"Degen, Johanna L.",HUMAN ARENAS
DO=10.1007/s42087-021-00233-y,WOS:000662278600001,"Smart, Gemma Lucy",HUMAN ARENAS
DO=10.1007/s42087-021-00233-y,WOS:000662278600001,"Quinnell, Rosanne",HUMAN ARENAS
DO=10.1007/s42087-021-00233-y,WOS:000662278600001,"O'Doherty, Kieran C.",HUMAN ARENAS
DO=10.1007/s42087-021-00233-y,WOS:000662278600001,"Rhodes, Paul",HUMAN ARENAS
DO=10.1007/s10816-020-09483-6,WOS:000565821200001,"Hussain, Shumon T.",JOURNAL OF ARCHAEOLOGICAL METHOD AND THEORY
DO=10.1007/s10816-020-09483-6,WOS:000565821200001,"Will, Manuel",JOURNAL OF ARCHAEOLOGICAL METHOD AND THEORY
DO=10.1007/s13162-020-00191-8,0,0,0
DO=10.1007/s00146-021-01173-5,WOS:000629071300001,"Ryland, Helen",AI & SOCIETY
DO=10.1057/s41292-020-00183-8,WOS:000516356700001,"Winz, Marc",BIOSOCIETIES
DO=10.1057/s41292-020-00183-8,WOS:000516356700001,"Soederstroem, Ola",BIOSOCIETIES
DO=10.1007/s11019-021-10003-w,WOS:000608682700001,"Kudlek, Karolina",MEDICINE HEALTH CARE AND PHILOSOPHY
DO=10.1007/s10912-020-09622-w,WOS:000534841200001,"Wright, Colin",JOURNAL OF MEDICAL HUMANITIES
DO=10.1007/s11217-021-09763-y,WOS:000632749600001,"Biswas, Tanu",STUDIES IN PHILOSOPHY AND EDUCATION
DO=10.1007/s42438-021-00222-y,0,0,0
DO=10.1007/s12685-021-00280-w,0,0,0
DO=10.1007/s42438-020-00198-1,0,0,0
DO=10.1007/s11948-021-00294-w,WOS:000632055000001,"Racine, Eric",SCIENCE AND ENGINEERING ETHICS
DO=10.1007/s11948-021-00294-w,WOS:000632055000001,"Sattler, Sebastian",SCIENCE AND ENGINEERING ETHICS
DO=10.1007/s11948-021-00294-w,WOS:000632055000001,"Boehlen, Wren",SCIENCE AND ENGINEERING ETHICS
DO=10.1007/s10997-020-09503-3,WOS:000516404200001,"Watson, Cate",JOURNAL OF MANAGEMENT & GOVERNANCE
DO=10.1007/s10997-020-09503-3,WOS:000516404200001,"Husband, Gary",JOURNAL OF MANAGEMENT & GOVERNANCE
DO=10.1007/s10997-020-09503-3,WOS:000516404200001,"Ireland, Aileen",JOURNAL OF MANAGEMENT & GOVERNANCE
DO=10.1007/s10460-020-10142-5,WOS:000560998000001,"Coulson, Helen",AGRICULTURE AND HUMAN VALUES
DO=10.1007/s10460-020-10142-5,WOS:000560998000001,"Milbourne, Paul",AGRICULTURE AND HUMAN VALUES
DO=10.1186/s40504-020-00108-0,WOS:000604958000001,"Vegter, Mira W.",LIFE SCIENCES SOCIETY AND POLICY
DO=10.1186/s40504-020-00108-0,WOS:000604958000001,"Zwart, Hub A. E.",LIFE SCIENCES SOCIETY AND POLICY
DO=10.1186/s40504-020-00108-0,WOS:000604958000001,"van Gool, Alain J.",LIFE SCIENCES SOCIETY AND POLICY
DO=10.1007/978-3-030-72154-1_15,0,0,0
DO=10.1007/s13280-020-01322-y,WOS:000517008500001,"Walsh, Zack",AMBIO
DO=10.1007/s13280-020-01322-y,WOS:000517008500001,"Boehme, Jessica",AMBIO
DO=10.1007/s13280-020-01322-y,WOS:000517008500001,"Wamsler, Christine",AMBIO
DO=10.1007/978-3-030-73770-2_13,0,0,0
DO=10.1007/978-3-030-73770-2_1,0,0,0
DO=10.1007/978-3-030-78724-0_4,0,0,0
DO=10.1007/978-3-030-61299-3_7,0,0,0
DO=10.1007/978-3-030-73770-2_2,0,0,0
DO=10.1007/978-3-030-54173-6_18,0,0,0
DO=10.1007/978-3-030-73770-2_5,0,0,0
DO=10.1007/978-3-030-63523-7_11,0,0,0
DO=10.1007/978-3-030-63523-7_16,0,0,0
DO=10.1007/978-3-030-61299-3_5,0,0,0
DO=10.1007/978-3-030-77066-2_6,0,0,0
DO=10.1007/978-3-030-85339-6_1,0,0,0
DO=10.1007/978-3-030-61299-3_4,0,0,0
DO=10.1007/978-3-030-66073-4_16,0,0,0
DO=10.1007/978-3-030-53014-3_9,0,0,0
DO=10.1007/978-3-030-63523-7_20,0,0,0
DO=10.1007/978-3-030-49683-8_5,0,0,0
DO=10.1007/978-981-33-4400-6_1,0,0,0
DO=10.1007/s11229-019-02133-9,WOS:000616764100018,"Krueger, Joel",SYNTHESE
DO=10.1007/978-981-33-4400-6_27,0,0,0
DO=10.1007/978-3-030-70661-6_9,0,0,0
DO=10.1007/978-3-030-61299-3_6,0,0,0
DO=10.1007/978-3-030-73770-2_4,0,0,0
DO=10.1007/978-981-33-4400-6_29,0,0,0
DO=10.1007/978-981-33-4400-6_2,0,0,0
DO=10.1007/978-3-030-78724-0_3,0,0,0
DO=10.1007/978-3-030-73770-2_6,0,0,0
DO=10.1007/978-3-030-73770-2_3,0,0,0
DO=10.1007/978-981-33-4400-6_25,0,0,0
DO=10.1007/978-3-030-73770-2_14,0,0,0
DO=10.1007/s11673-020-10017-8,WOS:000562745200017,"Braidotti, R.",JOURNAL OF BIOETHICAL INQUIRY
DO=10.1007/s00146-020-00968-2,WOS:000529735100001,"Singler, Beth",AI & SOCIETY
DO=10.1007/s10583-019-09388-3,WOS:000588385900004,"Yarova, Aliona",CHILDRENS LITERATURE IN EDUCATION
DO=10.1007/s10676-017-9427-3,WOS:000581950700003,"Miller, Lantz Fleming",ETHICS AND INFORMATION TECHNOLOGY
DO=10.1007/s41693-020-00035-8,0,0,0
DO=10.1007/s11059-020-00555-w,WOS:000571739700001,"Abrego, Veronica",NEOHELICON
DO=10.1007/s10677-020-10116-w,WOS:000561252600002,"Levy, Neil",ETHICAL THEORY AND MORAL PRACTICE
DO=10.1186/s40594-020-00249-w,WOS:000575114400001,"Godec, Spela",INTERNATIONAL JOURNAL OF STEM EDUCATION
DO=10.1186/s40594-020-00249-w,WOS:000575114400001,"Patel, Uma",INTERNATIONAL JOURNAL OF STEM EDUCATION
DO=10.1186/s40594-020-00249-w,WOS:000575114400001,"Archer, Louise",INTERNATIONAL JOURNAL OF STEM EDUCATION
DO=10.1186/s40594-020-00249-w,WOS:000575114400001,"Dawson, Emily",INTERNATIONAL JOURNAL OF STEM EDUCATION
DO=10.1007/s12152-019-09427-2,WOS:000504143600001,"Varelius, Jukka",NEUROETHICS
DO=10.1007/s11948-020-00238-w,WOS:000546219500001,"Farisco, Michele",SCIENCE AND ENGINEERING ETHICS
DO=10.1007/s11948-020-00238-w,WOS:000546219500001,"Evers, Kathinka",SCIENCE AND ENGINEERING ETHICS
DO=10.1007/s11948-020-00238-w,WOS:000546219500001,"Salles, Arleen",SCIENCE AND ENGINEERING ETHICS
DO=10.1007/s42438-020-00180-x,0,0,0
DO=10.1007/s42438-020-00196-3,0,0,0
DO=10.1186/s40504-020-00105-3,WOS:000576812800001,"Argudo-Portal, Violeta",LIFE SCIENCES SOCIETY AND POLICY
DO=10.1186/s40504-020-00105-3,WOS:000576812800001,"Domenech, Miquel",LIFE SCIENCES SOCIETY AND POLICY
DO=10.1007/s42438-020-00150-3,0,0,0
DO=10.1007/s10816-020-09473-8,WOS:000545357800002,"Jones, Andrew Meirion",JOURNAL OF ARCHAEOLOGICAL METHOD AND THEORY
DO=10.1007/s10676-020-09536-0,WOS:000534428900001,"Van Aerschot, Lina",ETHICS AND INFORMATION TECHNOLOGY
DO=10.1007/s10676-020-09536-0,WOS:000534428900001,"Parviainen, Jaana",ETHICS AND INFORMATION TECHNOLOGY
DO=10.1007/s11007-020-09504-x,WOS:000546847900002,"Staudigl, Michael",CONTINENTAL PHILOSOPHY REVIEW
DO=10.1007/s11229-017-1549-y,WOS:000547892700011,"Carter, J. Adam",SYNTHESE
DO=10.1007/s10676-019-09524-z,WOS:000504455400001,"Pirhonen, Jari",ETHICS AND INFORMATION TECHNOLOGY
DO=10.1007/s10676-019-09524-z,WOS:000504455400001,"Melkas, Helina",ETHICS AND INFORMATION TECHNOLOGY
DO=10.1007/s10676-019-09524-z,WOS:000504455400001,"Laitine, Arto",ETHICS AND INFORMATION TECHNOLOGY
DO=10.1007/s10676-019-09524-z,WOS:000504455400001,"Pekkarinen, Satu",ETHICS AND INFORMATION TECHNOLOGY
DO=10.1007/s11059-020-00534-1,WOS:000534795000002,"Kim, Jonggab",NEOHELICON
DO=10.1057/s41599-020-0451-2,WOS:000532177600001,"Marchetto Santorun, M. Cecilia",PALGRAVE COMMUNICATIONS
DO=10.1057/s41599-020-0463-y,WOS:000616205000002,"Dam, Mie S.",PALGRAVE COMMUNICATIONS
DO=10.1057/s41599-020-0463-y,WOS:000616205000002,"Sangild, Per T.",PALGRAVE COMMUNICATIONS
DO=10.1057/s41599-020-0463-y,WOS:000616205000002,"Svendsen, Mette N.",PALGRAVE COMMUNICATIONS
DO=10.1007/s42438-019-00095-2,0,0,0
DO=10.1007/s11569-020-00368-2,WOS:000532132100001,"Fannin, Nlaria",NANOETHICS
DO=10.1007/s11569-020-00368-2,WOS:000532132100001,"Connor, Katy",NANOETHICS
DO=10.1007/s11569-020-00368-2,WOS:000532132100001,"Roden, David",NANOETHICS
DO=10.1007/s11569-020-00368-2,WOS:000532132100001,"Meacham, Darian",NANOETHICS
DO=10.1007/s10551-020-04440-5,WOS:000509134700001,"Laasch, Oliver",JOURNAL OF BUSINESS ETHICS
DO=10.1007/s10551-020-04440-5,WOS:000509134700001,"Moosmayer, Dirk",JOURNAL OF BUSINESS ETHICS
DO=10.1007/s10551-020-04440-5,WOS:000509134700001,"Antonacopoulou, Elena",JOURNAL OF BUSINESS ETHICS
DO=10.1007/s10551-020-04440-5,WOS:000509134700001,"Schaltegger, Stefan",JOURNAL OF BUSINESS ETHICS
DO=10.1007/s42438-019-00089-0,0,0,0
DO=10.1057/s41599-020-0428-1,WOS:000616199000001,"Erle, Sibylle",PALGRAVE COMMUNICATIONS
DO=10.1057/s41599-020-0428-1,WOS:000616199000001,"Hendry, Helen",PALGRAVE COMMUNICATIONS
DO=10.1007/s41978-019-00048-w,0,0,0
DO=10.1007/s10912-019-09596-4,WOS:000504473300001,"Bolaki, Stella",JOURNAL OF MEDICAL HUMANITIES
DO=10.1007/s11191-019-00100-x,WOS:000517064500005,"Zidny, Robby",SCIENCE & EDUCATION
DO=10.1007/s11191-019-00100-x,WOS:000517064500005,"Sjostrom, Jesper",SCIENCE & EDUCATION
DO=10.1007/s11191-019-00100-x,WOS:000517064500005,"Eilks, Ingo",SCIENCE & EDUCATION
DO=10.1007/978-3-030-24021-9_12,0,0,0
DO=10.1007/978-3-030-36271-3_6,0,0,0
DO=10.1007/978-3-030-36271-3_5,0,0,0
DO=10.1007/978-981-15-7598-3_15,0,0,0
DO=10.1007/s11625-019-00752-2,WOS:000511965300009,"Childs, John",SUSTAINABILITY SCIENCE
DO=10.1007/978-3-030-23353-2_13,0,0,0
DO=10.1186/s40694-019-0085-6,MEDLINE:31827811,"Rapp, Regine",On mycohuman performances: fungi in current artistic research.
DO=10.1007/s12138-019-00524-4,WOS:000492156900006,"Macintosh, Fiona",INTERNATIONAL JOURNAL OF THE CLASSICAL TRADITION
DO=10.1007/s11841-018-0664-7,WOS:000513216700011,"Midson, Scott",SOPHIA
DO=10.1007/s00146-018-0825-9,WOS:000490069500011,"Bassett, Caroline",AI & SOCIETY
DO=10.1007/s10746-019-09508-4,WOS:000499648000006,"Zwier, Jochem",HUMAN STUDIES
DO=10.1007/s10746-019-09508-4,WOS:000499648000006,"Blok, Vincent",HUMAN STUDIES
DO=10.1007/s12138-019-00523-5,WOS:000492156900008,"Rimell, Victoria",INTERNATIONAL JOURNAL OF THE CLASSICAL TRADITION
DO=10.1186/s12910-019-0427-1,WOS:000511148600001,"Bentwich, Miriam Ethel",BMC MEDICAL ETHICS
DO=10.1186/s12910-019-0427-1,WOS:000511148600001,"Mashiach-Eizenberg, Michal",BMC MEDICAL ETHICS
DO=10.1186/s12910-019-0427-1,WOS:000511148600001,"Borovecki, Ana",BMC MEDICAL ETHICS
DO=10.1186/s12910-019-0427-1,WOS:000511148600001,"Simonstein, Frida",BMC MEDICAL ETHICS
DO=10.1007/s11158-018-09411-2,WOS:000495107900006,"Fasel, Raffael N.",RES PUBLICA-A JOURNAL OF MORAL LEGAL AND POLITICAL PHILOSOPHY
DO=10.1007/s42438-019-00045-y,0,0,0
DO=10.1007/s10670-018-9979-6,WOS:000466542400012,"Conitzer, Vincent",ERKENNTNIS
DO=10.1007/s10583-017-9338-2,WOS:000467654200003,"Palo, Annbritt",CHILDRENS LITERATURE IN EDUCATION
DO=10.1007/s10583-017-9338-2,WOS:000467654200003,"Manderstedt, Lena",CHILDRENS LITERATURE IN EDUCATION
DO=10.1007/s00146-018-0833-9,WOS:000469316500017,"Sitnicki, Ignacy",AI & SOCIETY
DO=10.1007/s40037-019-0519-0,WOS:000471603100005,"Ramos, Diana",PERSPECTIVES ON MEDICAL EDUCATION
DO=10.1007/s40037-019-0519-0,WOS:000471603100005,"Grad, Roland",PERSPECTIVES ON MEDICAL EDUCATION
DO=10.1007/s40037-019-0519-0,WOS:000471603100005,"Saroyan, Alenoush",PERSPECTIVES ON MEDICAL EDUCATION
DO=10.1007/s40037-019-0519-0,WOS:000471603100005,"Nugus, Peter",PERSPECTIVES ON MEDICAL EDUCATION
DO=10.1186/s40246-019-0208-4,WOS:000469509900001,"Capps, Benjamin",HUMAN GENOMICS
DO=10.1186/s40246-019-0208-4,WOS:000469509900001,"Chadwick, Ruth",HUMAN GENOMICS
DO=10.1186/s40246-019-0208-4,WOS:000469509900001,"Joly, Yann",HUMAN GENOMICS
DO=10.1186/s40246-019-0208-4,WOS:000469509900001,"Lysaght, Tamra",HUMAN GENOMICS
DO=10.1186/s40246-019-0208-4,WOS:000469509900001,"Mills, Catherine",HUMAN GENOMICS
DO=10.1186/s40246-019-0208-4,WOS:000469509900001,"Mulvihill, John J.",HUMAN GENOMICS
DO=10.1186/s40246-019-0208-4,WOS:000469509900001,"Zwart, Hub",HUMAN GENOMICS
DO=10.1057/s41599-019-0246-5,WOS:000466774100002,"Woods, Abigail",PALGRAVE COMMUNICATIONS
DO=10.1007/s42438-018-0017-4,0,0,0
DO=10.1007/s42438-018-0008-5,0,0,0
DO=10.1007/s42087-018-0039-1,WOS:000705495000006,"Saetra, Henrik Skaug",HUMAN ARENAS
DO=10.1007/s10583-018-9373-7,WOS:000461348900003,"Nikolajeva, Maria",CHILDRENS LITERATURE IN EDUCATION
DO=10.1007/s00146-018-0795-y,WOS:000457536000019,"Mahnic, Nika",AI & SOCIETY
DO=10.1007/s10806-019-09760-9,WOS:000467100400006,"Lundstrom, Markus",JOURNAL OF AGRICULTURAL & ENVIRONMENTAL ETHICS
DO=10.1007/978-3-030-03633-1_13,0,0,0
DO=10.1007/978-3-030-19490-1_1,0,0,0
DO=10.1007/978-3-319-97502-3_3,0,0,0
DO=10.1007/978-3-030-15943-6_16,0,0,0
DO=10.1186/s12913-018-3749-7,WOS:000451976600006,"Maslen, Sarah",BMC HEALTH SERVICES RESEARCH
DO=10.1186/s12913-018-3749-7,WOS:000451976600006,"Lupton, Deborah",BMC HEALTH SERVICES RESEARCH
DO=10.1007/s40869-018-0070-y,0,0,0
DO=10.1007/s40592-018-0086-x,WOS:000456071700001,"Cavaliere, Giulia",MONASH BIOETHICS REVIEW
DO=10.1057/s41599-018-0178-5,WOS:000448197600001,"Brown, Nik",PALGRAVE COMMUNICATIONS
DO=10.1057/s41599-018-0178-5,WOS:000448197600001,"Nettleton, Sarah",PALGRAVE COMMUNICATIONS
DO=10.1007/s10734-017-0211-4,WOS:000440107600009,"Tassone, Valentina C.",HIGHER EDUCATION
DO=10.1007/s10734-017-0211-4,WOS:000440107600009,"O'Mahony, Catherine",HIGHER EDUCATION
DO=10.1007/s10734-017-0211-4,WOS:000440107600009,"McKenna, Emma",HIGHER EDUCATION
DO=10.1007/s10734-017-0211-4,WOS:000440107600009,"Eppink, Hansje J.",HIGHER EDUCATION
DO=10.1007/s10734-017-0211-4,WOS:000440107600009,"Wals, Arjen E. J.",HIGHER EDUCATION
DO=10.1057/s41599-018-0142-4,WOS:000441073200004,"Oakley, Catherine",PALGRAVE COMMUNICATIONS
DO=10.1007/s10978-018-9227-x,WOS:000441197700002,"Kall, Jannice",LAW AND CRITIQUE
DO=10.1007/s12152-018-9354-y,WOS:000433048800001,"Mihailov, Emilian",NEUROETHICS
DO=10.1007/s12152-018-9354-y,WOS:000433048800001,"Savulescu, Julian",NEUROETHICS
DO=10.1057/s41292-017-0079-7,WOS:000449364200007,"Hinterberger, Amy",BIOSOCIETIES
DO=10.1007/s10676-018-9452-x,WOS:000434849800005,"Royakkers, Lamber",ETHICS AND INFORMATION TECHNOLOGY
DO=10.1007/s10676-018-9452-x,WOS:000434849800005,"Timmer, Jelte",ETHICS AND INFORMATION TECHNOLOGY
DO=10.1007/s10676-018-9452-x,WOS:000434849800005,"Kool, Linda",ETHICS AND INFORMATION TECHNOLOGY
DO=10.1007/s10676-018-9452-x,WOS:000434849800005,"van Est, Rinie",ETHICS AND INFORMATION TECHNOLOGY
DO=10.1007/s11059-017-0413-x,WOS:000438535400018,"Fusini, Letizia",NEOHELICON
DO=10.1007/s13347-017-0285-z,MEDLINE:29974033,"Giubilini, Alberto","The Artificial Moral Advisor.The ""Ideal Observer"" Meets Artificial Intelligence."
DO=10.1007/s13347-017-0285-z,MEDLINE:29974033,"Savulescu, Julian","The Artificial Moral Advisor.The ""Ideal Observer"" Meets Artificial Intelligence."
DO=10.1186/s40504-018-0073-2,WOS:000468824400001,"Nawrot, Oktawian",LIFE SCIENCES SOCIETY AND POLICY
DO=10.1057/s41599-018-0113-9,WOS:000441066600002,"Hinchliffe, Stephen",PALGRAVE COMMUNICATIONS
DO=10.1057/s41599-018-0113-9,WOS:000441066600002,"Jackson, Mark A.",PALGRAVE COMMUNICATIONS
DO=10.1057/s41599-018-0113-9,WOS:000441066600002,"Wyatt, Katrina",PALGRAVE COMMUNICATIONS
DO=10.1057/s41599-018-0113-9,WOS:000441066600002,"Barlow, Anne E.",PALGRAVE COMMUNICATIONS
DO=10.1057/s41599-018-0113-9,WOS:000441066600002,"Barreto, Manuela",PALGRAVE COMMUNICATIONS
DO=10.1057/s41599-018-0113-9,WOS:000441066600002,"Clare, Linda",PALGRAVE COMMUNICATIONS
DO=10.1057/s41599-018-0113-9,WOS:000441066600002,"Depledge, Michael H.",PALGRAVE COMMUNICATIONS
DO=10.1057/s41599-018-0113-9,WOS:000441066600002,"Durie, Robin",PALGRAVE COMMUNICATIONS
DO=10.1057/s41599-018-0113-9,WOS:000441066600002,"Fleming, Lora E.",PALGRAVE COMMUNICATIONS
DO=10.1057/s41599-018-0113-9,WOS:000441066600002,"Groom, Nick",PALGRAVE COMMUNICATIONS
DO=10.1057/s41599-018-0113-9,WOS:000441066600002,"Morrissey, Karyn",PALGRAVE COMMUNICATIONS
DO=10.1057/s41599-018-0113-9,WOS:000441066600002,"Salisbury, Laura",PALGRAVE COMMUNICATIONS
DO=10.1057/s41599-018-0113-9,WOS:000441066600002,"Thomas, Felicity",PALGRAVE COMMUNICATIONS
DO=10.1057/s41599-018-0103-y,WOS:000440867500004,"Cowley, Robert",PALGRAVE COMMUNICATIONS
DO=10.1007/s10806-018-9711-1,WOS:000424023600008,"Kopnina, Helen",JOURNAL OF AGRICULTURAL & ENVIRONMENTAL ETHICS
DO=10.1007/s10806-018-9711-1,WOS:000424023600008,"Washington, Haydn",JOURNAL OF AGRICULTURAL & ENVIRONMENTAL ETHICS
DO=10.1007/s10806-018-9711-1,WOS:000424023600008,"Taylor, Bron",JOURNAL OF AGRICULTURAL & ENVIRONMENTAL ETHICS
DO=10.1007/s10806-018-9711-1,WOS:000424023600008,"Piccolo, John J.",JOURNAL OF AGRICULTURAL & ENVIRONMENTAL ETHICS
DO=10.1007/s40309-017-0126-4,WOS:000419945200001,"Dominici, Piero",EUROPEAN JOURNAL OF FUTURES RESEARCH
DO=10.1057/978-1-137-52879-7_38,0,0,0
DO=10.1007/s10611-017-9704-4,WOS:000417926000007,"Hamilton, Scott",CRIME LAW AND SOCIAL CHANGE
DO=10.1007/s11422-017-9841-1,WOS:000423927300011,"Levinson, Ralph",CULTURAL STUDIES OF SCIENCE EDUCATION
DO=10.1186/s12910-017-0215-8,WOS:000412900000001,"Hofmann, Bjorn",BMC MEDICAL ETHICS
DO=10.1007/s10734-016-9994-y,WOS:000407348700003,"Taylor, Carol A.",HIGHER EDUCATION
DO=10.1007/s13158-017-0193-5,0,0,0
DO=10.1007/s10699-015-9443-x,WOS:000402051000017,"Dorrestijn, Steven",FOUNDATIONS OF SCIENCE
DO=10.1007/s40901-017-0068-1,0,0,0
DO=10.1186/s13010-017-0043-y,WOS:000402650000001,"Becker, Kira",PHILOSOPHY ETHICS AND HUMANITIES IN MEDICINE
DO=10.1186/s13010-017-0043-y,WOS:000402650000001,"Shook, John R.",PHILOSOPHY ETHICS AND HUMANITIES IN MEDICINE
DO=10.1186/s13010-017-0043-y,WOS:000402650000001,"Darragh, Martina",PHILOSOPHY ETHICS AND HUMANITIES IN MEDICINE
DO=10.1186/s13010-017-0043-y,WOS:000402650000001,"Giordano, James",PHILOSOPHY ETHICS AND HUMANITIES IN MEDICINE
DO=10.1186/s40613-016-0043-7,0,0,0
DO=10.1057/palcomms.2016.72,WOS:000453326400046,"Cranny-Francis, Anne",PALGRAVE COMMUNICATIONS
DO=10.1007/s11017-016-9379-3,WOS:000386561800002,"Vogt, Henrik",THEORETICAL MEDICINE AND BIOETHICS
DO=10.1007/s11017-016-9379-3,WOS:000386561800002,"Hofmann, Bjorn",THEORETICAL MEDICINE AND BIOETHICS
DO=10.1007/s11017-016-9379-3,WOS:000386561800002,"Getz, Linn",THEORETICAL MEDICINE AND BIOETHICS
DO=10.1186/s13010-016-0037-1,WOS:000390001200001,"Martin, Amanda",PHILOSOPHY ETHICS AND HUMANITIES IN MEDICINE
DO=10.1186/s13010-016-0037-1,WOS:000390001200001,"Becker, Kira",PHILOSOPHY ETHICS AND HUMANITIES IN MEDICINE
DO=10.1186/s13010-016-0037-1,WOS:000390001200001,"Darragh, Martina",PHILOSOPHY ETHICS AND HUMANITIES IN MEDICINE
DO=10.1186/s13010-016-0037-1,WOS:000390001200001,"Giordano, James",PHILOSOPHY ETHICS AND HUMANITIES IN MEDICINE
DO=10.1007/s10728-015-0309-8,WOS:000381977100004,"Haddow, Gill",HEALTH CARE ANALYSIS
DO=10.1007/s10728-015-0309-8,WOS:000381977100004,"Harmon, Shawn H. E.",HEALTH CARE ANALYSIS
DO=10.1007/s10728-015-0309-8,WOS:000381977100004,"Gilman, Leah",HEALTH CARE ANALYSIS
DO=10.1057/palcomms.2016.35,WOS:000453326400099,"Ferrando, Francesca",PALGRAVE COMMUNICATIONS
DO=10.1057/palcomms.2016.11,WOS:000453326400085,"Ferrando, Francesca",PALGRAVE COMMUNICATIONS
DO=10.1007/s11217-016-9516-5,WOS:000373861300007,"Knox, Jeremy",STUDIES IN PHILOSOPHY AND EDUCATION
DO=10.1007/s10767-014-9193-8,WOS:000359783200005,"Stacey, Jackie",INTERNATIONAL JOURNAL OF POLITICS CULTURE AND SOCIETY
DO=10.1007/s40309-015-0068-7,WOS:000372463000008,"Ruotsalainen, Juho",EUROPEAN JOURNAL OF FUTURES RESEARCH
DO=10.1007/s40309-015-0068-7,WOS:000372463000008,"Heinonen, Sirkka",EUROPEAN JOURNAL OF FUTURES RESEARCH
DO=10.1057/kmrp.2013.41,WOS:000354910200007,"Vines, Richard",KNOWLEDGE MANAGEMENT RESEARCH & PRACTICE
DO=10.1057/kmrp.2013.41,WOS:000354910200007,"Jones, Michael",KNOWLEDGE MANAGEMENT RESEARCH & PRACTICE
DO=10.1057/kmrp.2013.41,WOS:000354910200007,"McCarthy, Gavan",KNOWLEDGE MANAGEMENT RESEARCH & PRACTICE
DO=10.1007/978-3-319-04093-6_6,0,0,0
DO=10.1007/978-981-287-381-1_10,0,0,0
DO=10.1007/978-3-319-04093-6_14,0,0,0
DO=10.1007/s40309-014-0043-8,WOS:000215273300018,"Ferrando, Francesca",EUROPEAN JOURNAL OF FUTURES RESEARCH
DO=10.1007/s12152-013-9189-5,WOS:000338338600002,"Schaefer, G. Owen",NEUROETHICS
DO=10.1007/s12152-013-9189-5,WOS:000338338600002,"Kahane, Guy",NEUROETHICS
DO=10.1007/s12152-013-9189-5,WOS:000338338600002,"Savulescu, Julian",NEUROETHICS
DO=10.1186/2196-8802-1-1,0,0,0
DO=10.1186/2195-7819-9-9,0,0,0
DO=10.1007/s40309-013-0021-6,WOS:000215269100015,"Krstic, Predrag",EUROPEAN JOURNAL OF FUTURES RESEARCH
DO=10.1007/s40309-013-0021-6,WOS:000215269100015,"Prodanovic, Srdan",EUROPEAN JOURNAL OF FUTURES RESEARCH
DO=10.1007/s11098-011-9778-2,WOS:000313361100001,"Douglas, Thomas",PHILOSOPHICAL STUDIES
DO=10.1007/s10806-011-9359-6,WOS:000310956400003,"Van Haperen, P. F.",JOURNAL OF AGRICULTURAL & ENVIRONMENTAL ETHICS
DO=10.1007/s10806-011-9359-6,WOS:000310956400003,"Gremmen, B.",JOURNAL OF AGRICULTURAL & ENVIRONMENTAL ETHICS
DO=10.1007/s10806-011-9359-6,WOS:000310956400003,"Jacobs, J.",JOURNAL OF AGRICULTURAL & ENVIRONMENTAL ETHICS
DO=10.1007/s13347-012-0066-7,0,0,0
DO=10.1186/1472-6939-13-28,WOS:000312154100001,"Slashinski, Melody J.",BMC MEDICAL ETHICS
DO=10.1186/1472-6939-13-28,WOS:000312154100001,"McCurdy, Sheryl A.",BMC MEDICAL ETHICS
DO=10.1186/1472-6939-13-28,WOS:000312154100001,"Achenbaum, Laura S.",BMC MEDICAL ETHICS
DO=10.1186/1472-6939-13-28,WOS:000312154100001,"Whitney, Simon N.",BMC MEDICAL ETHICS
DO=10.1186/1472-6939-13-28,WOS:000312154100001,"McGuire, Amy L.",BMC MEDICAL ETHICS
DO=10.1007/s11019-011-9351-y,WOS:000307386100010,"Zwart, Hub",MEDICINE HEALTH CARE AND PHILOSOPHY
DO=10.1007/s13347-011-0057-0,0,0,0
DO=10.1007/s11673-011-9352-9,WOS:000300774100004,"Scully, Jackie Leach",JOURNAL OF BIOETHICAL INQUIRY
DO=10.1007/s11673-011-9352-9,WOS:000300774100004,"Haimes, Erica",JOURNAL OF BIOETHICAL INQUIRY
DO=10.1007/s11673-011-9352-9,WOS:000300774100004,"Mitzkat, Anika",JOURNAL OF BIOETHICAL INQUIRY
DO=10.1007/s11673-011-9352-9,WOS:000300774100004,"Porz, Rouven",JOURNAL OF BIOETHICAL INQUIRY
DO=10.1007/s11673-011-9352-9,WOS:000300774100004,"Rehmann-Sutter, Christoph",JOURNAL OF BIOETHICAL INQUIRY
DO=10.1007/s11569-011-0133-z,MEDLINE:22247747,"Beland, Jean-Pierre",The Social and Ethical Acceptability of NBICs for Purposes of Human Enhancement: Why Does the Debate Remain Mired in Impasse?
DO=10.1007/s11569-011-0133-z,MEDLINE:22247747,"Patenaude, Johane",The Social and Ethical Acceptability of NBICs for Purposes of Human Enhancement: Why Does the Debate Remain Mired in Impasse?
DO=10.1007/s11569-011-0133-z,MEDLINE:22247747,"Legault, Georges A",The Social and Ethical Acceptability of NBICs for Purposes of Human Enhancement: Why Does the Debate Remain Mired in Impasse?
DO=10.1007/s11569-011-0133-z,MEDLINE:22247747,"Boissy, Patrick",The Social and Ethical Acceptability of NBICs for Purposes of Human Enhancement: Why Does the Debate Remain Mired in Impasse?
DO=10.1007/s11569-011-0133-z,MEDLINE:22247747,"Parent, Monelle",The Social and Ethical Acceptability of NBICs for Purposes of Human Enhancement: Why Does the Debate Remain Mired in Impasse?
DO=10.1007/s11569-011-0122-2,MEDLINE:21957436,"Ruivenkamp, Martin",Entanglement of Imaging and Imagining of Nanotechnology.
DO=10.1007/s11569-011-0122-2,MEDLINE:21957436,"Rip, Arie",Entanglement of Imaging and Imagining of Nanotechnology.
DO=10.1007/s10676-010-9231-9,WOS:000290277500003,"Coeckelbergh, Mark",ETHICS AND INFORMATION TECHNOLOGY
DO=10.1057/biosoc.2010.26,WOS:000297217400002,"Wilson, Duncan",BIOSOCIETIES
DO=10.1007/s11841-010-0214-4,WOS:000288801400008,"Onishi, Bradley B.",SOPHIA
DO=10.1007/s12152-010-9075-3,WOS:000288255300007,"Kraemer, Felicitas",NEUROETHICS
DO=10.1007/s12130-010-9123-7,0,0,0
DO=10.1007/s12394-010-0066-7,0,0,0
DO=10.1007/s10806-009-9223-0,WOS:000281727900003,"Korthals, Michiel",JOURNAL OF AGRICULTURAL & ENVIRONMENTAL ETHICS
DO=10.1007/s10806-009-9223-0,WOS:000281727900003,"Komduur, Rixt",JOURNAL OF AGRICULTURAL & ENVIRONMENTAL ETHICS
DO=10.1007/s11569-009-0076-9,MEDLINE:20234874,"Schermer, Maartje",The Mind and the Machine. On the Conceptual and Moral Implications of Brain-Machine Interaction.
DO=10.1007/s11693-009-9039-2,MEDLINE:19816801,"Bedau, Mark A","Social and ethical checkpoints for bottom-up synthetic biology, or protocells."
DO=10.1007/s11693-009-9039-2,MEDLINE:19816801,"Parke, Emily C","Social and ethical checkpoints for bottom-up synthetic biology, or protocells."
DO=10.1007/s11693-009-9039-2,MEDLINE:19816801,"Tangen, Uwe","Social and ethical checkpoints for bottom-up synthetic biology, or protocells."
DO=10.1007/s11693-009-9039-2,MEDLINE:19816801,"Hantsche-Tangen, Brigitte","Social and ethical checkpoints for bottom-up synthetic biology, or protocells."
DO=10.1007/s11569-009-0080-0,MEDLINE:20234840,"Swierstra, Tsjalling",Taking Care of the Symbolic Order. How Converging Technologies Challenge our Concepts.
DO=10.1007/s11569-009-0080-0,MEDLINE:20234840,"van Est, Rinie",Taking Care of the Symbolic Order. How Converging Technologies Challenge our Concepts.
DO=10.1007/s11569-009-0080-0,MEDLINE:20234840,"Boenink, Marianne",Taking Care of the Symbolic Order. How Converging Technologies Challenge our Concepts.
DO=10.1007/s12152-009-9032-1,WOS:000284869200003,"Schermer, Maartje",NEUROETHICS
DO=10.1007/s12152-009-9032-1,WOS:000284869200003,"Bolt, Ineke",NEUROETHICS
DO=10.1007/s12152-009-9032-1,WOS:000284869200003,"de Jongh, Reinoud",NEUROETHICS
DO=10.1007/s12152-009-9032-1,WOS:000284869200003,"Olivier, Berend",NEUROETHICS
DO=10.1007/s12376-009-0014-8,0,0,0
DO=10.1007/s11019-009-9187-x,WOS:000272270200003,"Zwart, Hub",MEDICINE HEALTH CARE AND PHILOSOPHY
DO=10.1186/1747-5341-4-4,MEDLINE:19226449,"Schweda, Mark","The ""spare parts person""? Conceptions of the human body and their implications for public attitudes towards organ donation and organ sale."
DO=10.1186/1747-5341-4-4,MEDLINE:19226449,"Schicktanz, Silke","The ""spare parts person""? Conceptions of the human body and their implications for public attitudes towards organ donation and organ sale."
DO=10.1007/s11019-007-9059-1,MEDLINE:17486431,"Schermer, M H N",Brave New World versus Island--utopian and dystopian views on psychopharmacology.
DO=10.1007/s10755-006-9017-5,WOS:000435038100002,"Craig, Russell J.",INNOVATIVE HIGHER EDUCATION
DO=10.1007/s10755-006-9017-5,WOS:000435038100002,"Amernic, Joel H.",INNOVATIVE HIGHER EDUCATION
DO=10.1186/1747-5341-1-9,0,0,0
DO=10.1016/j.wss.2022.100120,0,0,0
DO=10.1016/j.ssmqr.2023.100245,0,0,0
DO=10.1016/j.tate.2022.103688,WOS:000791307200007,"Strom, Kathryn J.",TEACHING AND TEACHER EDUCATION
DO=10.1016/j.tate.2022.103688,WOS:000791307200007,"Martin, Adrian D.",TEACHING AND TEACHER EDUCATION
DO=10.1016/j.metip.2020.100021,0,0,0
DO=10.1016/j.intell.2021.101563,WOS:000697525700010,"Neubauer, Aljoscha C.",INTELLIGENCE
DO=10.1016/j.jrurstud.2020.10.011,WOS:000596675200009,"Duggan, Calvin",JOURNAL OF RURAL STUDIES
DO=10.1016/j.jrurstud.2020.10.011,WOS:000596675200009,"Peeren, Esther",JOURNAL OF RURAL STUDIES
DO=10.1016/j.sheji.2017.08.001,0,0,0
DO=10.1016/j.ijpp.2018.11.001,WOS:000458697100026,"Banfield, Emily",INTERNATIONAL JOURNAL OF PALEOPATHOLOGY
DO=10.1016/j.ijpp.2018.11.001,WOS:000458697100026,"Stoll, Alexander",INTERNATIONAL JOURNAL OF PALEOPATHOLOGY
DO=10.1016/j.ijpp.2018.11.001,WOS:000458697100026,"Thomas, Richard",INTERNATIONAL JOURNAL OF PALEOPATHOLOGY
DO=10.1016/j.futures.2022.102954,0,0,0
DO=10.1016/j.polgeo.2021.102517,WOS:000709987400005,"Pallister-Wilkins, Polly",POLITICAL GEOGRAPHY
DO=10.1016/j.drugpo.2022.103609,MEDLINE:35151538,"Weinberg, Darin",The particularity of freedom and recovery from addiction in practice: On the therapeutic limitations of generalising addiction science.
DO=10.1016/j.caeai.2023.100131,0,0,0
DO=10.1016/j.socscimed.2019.02.041,WOS:000466257900002,"Nisbett, Nicholas",SOCIAL SCIENCE & MEDICINE
DO=10.1016/j.techum.2022.10.001,0,0,0
DO=10.1016/j.protcy.2014.02.016,0,0,0
DO=10.1016/j.polgeo.2015.09.004,WOS:000401392700012,"Theriault, Noah",POLITICAL GEOGRAPHY
DO=10.1016/j.wss.2020.100004,0,0,0
DO=10.1016/j.wss.2023.100130,0,0,0
DO=10.1016/j.wss.2022.100112,0,0,0
DO=10.1016/j.jrurstud.2021.03.006,WOS:000655518300002,"Finstad, Terje",JOURNAL OF RURAL STUDIES
DO=10.1016/j.jrurstud.2021.03.006,WOS:000655518300002,"Aune, Margrethe",JOURNAL OF RURAL STUDIES
DO=10.1016/j.jrurstud.2021.03.006,WOS:000655518300002,"Egseth, Kine Ariela",JOURNAL OF RURAL STUDIES
DO=10.1016/j.socscimed.2022.114802,WOS:000820893200003,"Williams, Jessy E.",SOCIAL SCIENCE & MEDICINE
DO=10.1016/j.socscimed.2022.114802,WOS:000820893200003,"Pykett, Jessica",SOCIAL SCIENCE & MEDICINE
DO=10.1016/j.sheji.2022.01.002,WOS:000787618200003,"Prendeville, Sharon",SHE JI-THE JOURNAL OF DESIGN ECONOMICS AND INNOVATION
DO=10.1016/j.sheji.2022.01.002,WOS:000787618200003,"Koria, Mikko",SHE JI-THE JOURNAL OF DESIGN ECONOMICS AND INNOVATION
DO=10.1016/j.tree.2019.10.006,WOS:000504400600001,"Watson, Maggie J.",TRENDS IN ECOLOGY & EVOLUTION
DO=10.1016/j.tree.2019.10.006,WOS:000504400600001,"Watson, David M.",TRENDS IN ECOLOGY & EVOLUTION
DO=10.1016/j.futures.2022.102950,WOS:000798755200001,"Hupkes, Tisha",FUTURES
DO=10.1016/j.futures.2022.102950,WOS:000798755200001,"Hedman, Anders",FUTURES
DO=10.1016/j.geoforum.2021.12.001,0,0,0
DO=10.1016/j.annals.2023.103549,WOS:000956636200001,"Jensen, Martin Trandberg",ANNALS OF TOURISM RESEARCH
DO=10.1016/j.annals.2023.103549,WOS:000956636200001,"Chambers, Donna",ANNALS OF TOURISM RESEARCH
DO=10.1016/j.annals.2023.103549,WOS:000956636200001,"Wilson, Sharon",ANNALS OF TOURISM RESEARCH
DO=10.1016/j.sheji.2020.07.003,WOS:000669002500004,"Poggenpohl, Sharon Helmer",SHE JI-THE JOURNAL OF DESIGN ECONOMICS AND INNOVATION
DO=10.1016/j.erss.2021.102146,WOS:000697852800009,"Murphy, Padraig",ENERGY RESEARCH & SOCIAL SCIENCE
DO=10.1016/j.erss.2021.102146,WOS:000697852800009,"Brereton, Pat",ENERGY RESEARCH & SOCIAL SCIENCE
DO=10.1016/j.erss.2021.102146,WOS:000697852800009,"O'Brolchain, Fiachra",ENERGY RESEARCH & SOCIAL SCIENCE
DO=10.1016/j.diggeo.2021.100010,0,0,0
DO=10.1016/j.intell.2021.101603,WOS:000727767700001,"Haier, Richard J.",INTELLIGENCE
DO=10.1016/j.socscimed.2021.113874,WOS:000668752500008,"De Togni, Giulia",SOCIAL SCIENCE & MEDICINE
DO=10.1016/j.socscimed.2021.113874,WOS:000668752500008,"Erikainen, Sonja",SOCIAL SCIENCE & MEDICINE
DO=10.1016/j.socscimed.2021.113874,WOS:000668752500008,"Chan, Sarah",SOCIAL SCIENCE & MEDICINE
DO=10.1016/j.socscimed.2021.113874,WOS:000668752500008,"Cunningham-Burley, Sarah",SOCIAL SCIENCE & MEDICINE
DO=10.1016/j.quaint.2022.02.019,WOS:000861941600003,"Bennett, Jeremy",QUATERNARY INTERNATIONAL
DO=10.1016/j.quaint.2022.02.019,WOS:000861941600003,"French, Charles",QUATERNARY INTERNATIONAL
DO=10.1016/j.quaint.2022.02.019,WOS:000861941600003,"McLaughlin, Rowan",QUATERNARY INTERNATIONAL
DO=10.1016/j.quaint.2022.02.019,WOS:000861941600003,"Stoddart, Simon",QUATERNARY INTERNATIONAL
DO=10.1016/j.quaint.2022.02.019,WOS:000861941600003,"Malone, Caroline",QUATERNARY INTERNATIONAL
DO=10.1016/j.tate.2021.103318,WOS:000634795400004,"Hordvik, Mats",TEACHING AND TEACHER EDUCATION
DO=10.1016/j.tate.2021.103318,WOS:000634795400004,"Fletcher, Tim",TEACHING AND TEACHER EDUCATION
DO=10.1016/j.tate.2021.103318,WOS:000634795400004,"Haugen, Anders Lund",TEACHING AND TEACHER EDUCATION
DO=10.1016/j.tate.2021.103318,WOS:000634795400004,"Moller, Lasse",TEACHING AND TEACHER EDUCATION
DO=10.1016/j.tate.2021.103318,WOS:000634795400004,"Engebretsen, Berit",TEACHING AND TEACHER EDUCATION
DO=10.1016/j.linged.2019.100754,WOS:000498888200004,"Escott, Hugh Francis",LINGUISTICS AND EDUCATION
DO=10.1016/j.linged.2019.100754,WOS:000498888200004,"Pahl, Kate Heron",LINGUISTICS AND EDUCATION
DO=10.1016/j.sbspro.2014.12.552,WOS:000360457900080,"Petrova, G. I.",PROCEEDINGS OF THE INTERNATIONAL CONFERENCE ON RESEARCH PARADIGMS TRANSFORMATION IN SOCIAL SCIENCES 2014 (RPTSS-2014)
DO=10.1016/j.sbspro.2014.12.552,WOS:000360457900080,"Smokotin, V. M.",PROCEEDINGS OF THE INTERNATIONAL CONFERENCE ON RESEARCH PARADIGMS TRANSFORMATION IN SOCIAL SCIENCES 2014 (RPTSS-2014)
DO=10.1016/j.sbspro.2014.12.552,WOS:000360457900080,"Kornienko, A. A.",PROCEEDINGS OF THE INTERNATIONAL CONFERENCE ON RESEARCH PARADIGMS TRANSFORMATION IN SOCIAL SCIENCES 2014 (RPTSS-2014)
DO=10.1016/j.sbspro.2014.12.552,WOS:000360457900080,"Ershova, I. A.",PROCEEDINGS OF THE INTERNATIONAL CONFERENCE ON RESEARCH PARADIGMS TRANSFORMATION IN SOCIAL SCIENCES 2014 (RPTSS-2014)
DO=10.1016/j.sbspro.2014.12.552,WOS:000360457900080,"Kachalov, N. A.",PROCEEDINGS OF THE INTERNATIONAL CONFERENCE ON RESEARCH PARADIGMS TRANSFORMATION IN SOCIAL SCIENCES 2014 (RPTSS-2014)
DO=10.1016/j.sbspro.2014.12.552,WOS:000360457900080,"Ardashkin, I",PROCEEDINGS OF THE INTERNATIONAL CONFERENCE ON RESEARCH PARADIGMS TRANSFORMATION IN SOCIAL SCIENCES 2014 (RPTSS-2014)
DO=10.1016/j.sbspro.2014.12.552,WOS:000360457900080,"Bogdan, A",PROCEEDINGS OF THE INTERNATIONAL CONFERENCE ON RESEARCH PARADIGMS TRANSFORMATION IN SOCIAL SCIENCES 2014 (RPTSS-2014)
DO=10.1016/j.sbspro.2014.12.552,WOS:000360457900080,"Martyushev, N",PROCEEDINGS OF THE INTERNATIONAL CONFERENCE ON RESEARCH PARADIGMS TRANSFORMATION IN SOCIAL SCIENCES 2014 (RPTSS-2014)
DO=10.1016/j.jmathb.2020.100796,WOS:000568721900013,"de Freitas, Elizabeth",JOURNAL OF MATHEMATICAL BEHAVIOR
DO=10.1016/j.jmathb.2020.100796,WOS:000568721900013,"Sinclair, Nathalie",JOURNAL OF MATHEMATICAL BEHAVIOR
DO=10.1016/j.sheji.2021.07.002,WOS:000704538800004,"Beckett, Stephen J.",SHE JI-THE JOURNAL OF DESIGN ECONOMICS AND INNOVATION
DO=10.1016/j.procs.2020.02.122,0,0,0
DO=10.1016/j.drugpo.2021.103438,WOS:000755111900037,"Guta, Adrian",INTERNATIONAL JOURNAL OF DRUG POLICY
DO=10.1016/j.drugpo.2021.103438,WOS:000755111900037,"Perri, Melissa",INTERNATIONAL JOURNAL OF DRUG POLICY
DO=10.1016/j.drugpo.2021.103438,WOS:000755111900037,"Strike, Carol",INTERNATIONAL JOURNAL OF DRUG POLICY
DO=10.1016/j.drugpo.2021.103438,WOS:000755111900037,"Gagnon, Marilou",INTERNATIONAL JOURNAL OF DRUG POLICY
DO=10.1016/j.drugpo.2021.103438,WOS:000755111900037,"Carusone, Soo Chan",INTERNATIONAL JOURNAL OF DRUG POLICY
DO=10.1016/j.accinf.2023.100609,0,0,0
DO=10.1016/j.metip.2020.100016,0,0,0
DO=10.1016/j.artint.2007.10.011,WOS:000251773500012,"Goertzel, Ben",ARTIFICIAL INTELLIGENCE
DO=10.1016/j.sheji.2020.05.003,WOS:000669001300004,"Wilde, Danielle",SHE JI-THE JOURNAL OF DESIGN ECONOMICS AND INNOVATION
DO=10.1016/j.emospa.2019.03.006,WOS:000469383500005,"Schuurman, Nora",EMOTION SPACE AND SOCIETY
DO=10.1016/j.emospa.2019.03.006,WOS:000469383500005,"Redmalm, David",EMOTION SPACE AND SOCIETY
DO=10.1016/j.sheji.2021.09.001,WOS:000728589200007,"Khadilkar, Pramod",SHE JI-THE JOURNAL OF DESIGN ECONOMICS AND INNOVATION
DO=10.1016/j.sheji.2021.09.001,WOS:000728589200007,"Jagtap, Santosh",SHE JI-THE JOURNAL OF DESIGN ECONOMICS AND INNOVATION
DO=10.1016/j.jbi.2013.06.005,0,0,0
DO=10.1016/j.wss.2021.100055,MEDLINE:34746896,"Marsh, Pauline",Where birds felt louder: The garden as a refuge during COVID-19.
DO=10.1016/j.wss.2021.100055,MEDLINE:34746896,"Diekmann, Lucy O",Where birds felt louder: The garden as a refuge during COVID-19.
DO=10.1016/j.wss.2021.100055,MEDLINE:34746896,"Egerer, Monika",Where birds felt louder: The garden as a refuge during COVID-19.
DO=10.1016/j.wss.2021.100055,MEDLINE:34746896,"Lin, Brenda",Where birds felt louder: The garden as a refuge during COVID-19.
DO=10.1016/j.wss.2021.100055,MEDLINE:34746896,"Ossola, Alessandro",Where birds felt louder: The garden as a refuge during COVID-19.
DO=10.1016/j.wss.2021.100055,MEDLINE:34746896,"Kingsley, Jonathan",Where birds felt louder: The garden as a refuge during COVID-19.
DO=10.1016/j.socscimed.2022.115348,WOS:000860603700014,"Rich, Emma",SOCIAL SCIENCE & MEDICINE
DO=10.1016/j.socscimed.2022.115348,WOS:000860603700014,"Lupton, Deborah",SOCIAL SCIENCE & MEDICINE
DO=10.1016/j.geoforum.2018.09.036,WOS:000459526700007,"Hadfield-Hill, Sophie",GEOFORUM
DO=10.1016/j.geoforum.2018.09.036,WOS:000459526700007,"Zara, Cristiana",GEOFORUM
DO=10.1016/j.socscimed.2022.115422,WOS:000877679700014,"Costa, Nathalia",SOCIAL SCIENCE & MEDICINE
DO=10.1016/j.socscimed.2022.115422,WOS:000877679700014,"Mescouto, Karime",SOCIAL SCIENCE & MEDICINE
DO=10.1016/j.socscimed.2022.115422,WOS:000877679700014,"Dillon, Miriam",SOCIAL SCIENCE & MEDICINE
DO=10.1016/j.socscimed.2022.115422,WOS:000877679700014,"Olson, Rebecca",SOCIAL SCIENCE & MEDICINE
DO=10.1016/j.socscimed.2022.115422,WOS:000877679700014,"Butler, Prudence",SOCIAL SCIENCE & MEDICINE
DO=10.1016/j.socscimed.2022.115422,WOS:000877679700014,"Forbes, Roma",SOCIAL SCIENCE & MEDICINE
DO=10.1016/j.socscimed.2022.115422,WOS:000877679700014,"Setchell, Jenny",SOCIAL SCIENCE & MEDICINE
DO=10.1016/j.techsoc.2021.101714,WOS:000701263900020,"Diaz Gorfinkiel, Magdalena",TECHNOLOGY IN SOCIETY
DO=10.1016/j.techsoc.2021.101714,WOS:000701263900020,"Diaz Gandasegui, Vicente",TECHNOLOGY IN SOCIETY
DO=10.1016/j.techsoc.2021.101714,WOS:000701263900020,"Gomez Garcia, M. Victoria",TECHNOLOGY IN SOCIETY
DO=10.1016/j.wss.2022.100108,0,0,0
DO=10.1016/j.esg.2022.100162,WOS:000923308700001,"Leach, Michael C.",EARTH SYSTEM GOVERNANCE
DO=10.1016/j.envsci.2022.06.018,WOS:000829254600001,"Wijsman, Katinka",ENVIRONMENTAL SCIENCE & POLICY
DO=10.1016/j.envsci.2022.06.018,WOS:000829254600001,"Berbes-Blazquez, Marta",ENVIRONMENTAL SCIENCE & POLICY
DO=10.1016/j.ufug.2023.127902,0,0,0
DO=10.1016/j.sheji.2018.11.002,0,0,0
DO=10.1016/j.esg.2021.100126,WOS:000757025800001,"Kotze, Louis J.",EARTH SYSTEM GOVERNANCE
DO=10.1016/j.esg.2021.100126,WOS:000757025800001,"Kim, Rakhyun E.",EARTH SYSTEM GOVERNANCE
DO=10.1016/j.esg.2021.100126,WOS:000757025800001,"Blanchard, Catherine",EARTH SYSTEM GOVERNANCE
DO=10.1016/j.esg.2021.100126,WOS:000757025800001,"Gellers, Joshua C.",EARTH SYSTEM GOVERNANCE
DO=10.1016/j.esg.2021.100126,WOS:000757025800001,"Holley, Cameron",EARTH SYSTEM GOVERNANCE
DO=10.1016/j.esg.2021.100126,WOS:000757025800001,"Petersmann, Marie",EARTH SYSTEM GOVERNANCE
DO=10.1016/j.esg.2021.100126,WOS:000757025800001,"van Asselt, Harro",EARTH SYSTEM GOVERNANCE
DO=10.1016/j.esg.2021.100126,WOS:000757025800001,"Biermann, Frank",EARTH SYSTEM GOVERNANCE
DO=10.1016/j.esg.2021.100126,WOS:000757025800001,"Hurlbert, Margot",EARTH SYSTEM GOVERNANCE
DO=10.1016/j.ssaho.2021.100181,0,0,0
DO=10.1016/j.polgeo.2022.102672,WOS:000802823300005,"Chandler, David",POLITICAL GEOGRAPHY
DO=10.1016/j.polgeo.2022.102672,WOS:000802823300005,"Pugh, Jonathan",POLITICAL GEOGRAPHY
DO=10.1016/j.alter.2016.12.006,WOS:000396405800002,"Taieb, Hannah Davis",ALTER-EUROPEAN JOURNAL OF DISABILITY RESEARCH
DO=10.1016/j.sciaf.2020.e00575,WOS:000658475200029,"Dotto, Joachim M.",SCIENTIFIC AFRICAN
DO=10.1016/j.sciaf.2020.e00575,WOS:000658475200029,"Chacha, James S.",SCIENTIFIC AFRICAN
DO=10.1016/j.ssaho.2023.100446,0,0,0
DO=10.1016/j.socscimed.2020.113093,WOS:000549188300036,"Davis, Alicia",SOCIAL SCIENCE & MEDICINE
DO=10.1016/j.socscimed.2020.113093,WOS:000549188300036,"Sharp, Jo",SOCIAL SCIENCE & MEDICINE
DO=10.1016/j.procs.2014.06.034,WOS:000348252500033,"Joerg, Brigitte",12TH INTERNATIONAL CONFERENCE ON CURRENT RESEARCH INFORMATION SYSTEMS (CRIS 2014): MANAGING DATA INTENSIVE SCIENCE: THE ROLE OF RESEARCH INFORMATION SYSTEMS IN REALISING THE DIGITAL AGENDA
DO=10.1016/j.procs.2014.06.034,WOS:000348252500033,"Waddington, Simon",12TH INTERNATIONAL CONFERENCE ON CURRENT RESEARCH INFORMATION SYSTEMS (CRIS 2014): MANAGING DATA INTENSIVE SCIENCE: THE ROLE OF RESEARCH INFORMATION SYSTEMS IN REALISING THE DIGITAL AGENDA
DO=10.1016/j.procs.2014.06.034,WOS:000348252500033,"Jones, Richard",12TH INTERNATIONAL CONFERENCE ON CURRENT RESEARCH INFORMATION SYSTEMS (CRIS 2014): MANAGING DATA INTENSIVE SCIENCE: THE ROLE OF RESEARCH INFORMATION SYSTEMS IN REALISING THE DIGITAL AGENDA
DO=10.1016/j.procs.2014.06.034,WOS:000348252500033,"Trowell, Stephen",12TH INTERNATIONAL CONFERENCE ON CURRENT RESEARCH INFORMATION SYSTEMS (CRIS 2014): MANAGING DATA INTENSIVE SCIENCE: THE ROLE OF RESEARCH INFORMATION SYSTEMS IN REALISING THE DIGITAL AGENDA
DO=10.1016/j.procs.2014.06.034,WOS:000348252500033,"Jeffery, K",12TH INTERNATIONAL CONFERENCE ON CURRENT RESEARCH INFORMATION SYSTEMS (CRIS 2014): MANAGING DATA INTENSIVE SCIENCE: THE ROLE OF RESEARCH INFORMATION SYSTEMS IN REALISING THE DIGITAL AGENDA
DO=10.1016/j.procs.2014.06.034,WOS:000348252500033,"Clements, A",12TH INTERNATIONAL CONFERENCE ON CURRENT RESEARCH INFORMATION SYSTEMS (CRIS 2014): MANAGING DATA INTENSIVE SCIENCE: THE ROLE OF RESEARCH INFORMATION SYSTEMS IN REALISING THE DIGITAL AGENDA
DO=10.1016/j.procs.2014.06.034,WOS:000348252500033,"DeCastro, P",12TH INTERNATIONAL CONFERENCE ON CURRENT RESEARCH INFORMATION SYSTEMS (CRIS 2014): MANAGING DATA INTENSIVE SCIENCE: THE ROLE OF RESEARCH INFORMATION SYSTEMS IN REALISING THE DIGITAL AGENDA
DO=10.1016/j.procs.2014.06.034,WOS:000348252500033,"Luzi, D",12TH INTERNATIONAL CONFERENCE ON CURRENT RESEARCH INFORMATION SYSTEMS (CRIS 2014): MANAGING DATA INTENSIVE SCIENCE: THE ROLE OF RESEARCH INFORMATION SYSTEMS IN REALISING THE DIGITAL AGENDA
DO=10.1016/j.sheji.2022.08.002,0,0,0
DO=10.1016/j.geoforum.2021.10.019,WOS:000718563200007,"Glad, Wiktoria",GEOFORUM
DO=10.1111/j.1600-6143.2006.01650.x,WOS:000243440100003,"Snow, Andrew L.",AMERICAN JOURNAL OF TRANSPLANTATION
DO=10.1111/j.1600-6143.2006.01650.x,WOS:000243440100003,"Martinez, Olivia M.",AMERICAN JOURNAL OF TRANSPLANTATION
DO=10.1016/j.sheji.2017.11.004,0,0,0
DO=10.1016/j.patter.2021.100314,WOS:000706777400011,"Kazim, Emre",PATTERNS
DO=10.1016/j.patter.2021.100314,WOS:000706777400011,"Koshiyama, Adriano Soares",PATTERNS
DO=10.1016/j.sjbs.2022.03.008,WOS:000800223400001,"Mowla, Tajbiha E.",SAUDI JOURNAL OF BIOLOGICAL SCIENCES
DO=10.1016/j.sjbs.2022.03.008,WOS:000800223400001,"Zahan, Sumyya",SAUDI JOURNAL OF BIOLOGICAL SCIENCES
DO=10.1016/j.sjbs.2022.03.008,WOS:000800223400001,"Sami, Saad Ahmed",SAUDI JOURNAL OF BIOLOGICAL SCIENCES
DO=10.1016/j.sjbs.2022.03.008,WOS:000800223400001,"Uddin, S. M. Naim",SAUDI JOURNAL OF BIOLOGICAL SCIENCES
DO=10.1016/j.sjbs.2022.03.008,WOS:000800223400001,"Rahman, Minhajur",SAUDI JOURNAL OF BIOLOGICAL SCIENCES
DO=10.1016/j.futures.2019.05.006,WOS:000483452400008,"Renold, Emma",FUTURES
DO=10.1016/j.futures.2019.05.006,WOS:000483452400008,"Ivinson, Gabrielle",FUTURES
DO=10.1016/j.stemcr.2019.05.002,WOS:000471007700020,"Ogawa, Seiji",STEM CELL REPORTS
DO=10.1016/j.stemcr.2019.05.002,WOS:000471007700020,"Yamada, Mitsutoshi",STEM CELL REPORTS
DO=10.1016/j.stemcr.2019.05.002,WOS:000471007700020,"Nakamura, Akihiro",STEM CELL REPORTS
DO=10.1016/j.stemcr.2019.05.002,WOS:000471007700020,"Sugawara, Tohru",STEM CELL REPORTS
DO=10.1016/j.stemcr.2019.05.002,WOS:000471007700020,"Nakamura, Akari",STEM CELL REPORTS
DO=10.1016/j.stemcr.2019.05.002,WOS:000471007700020,"Miyajima, Shoko",STEM CELL REPORTS
DO=10.1016/j.stemcr.2019.05.002,WOS:000471007700020,"Harada, Yuichirou",STEM CELL REPORTS
DO=10.1016/j.stemcr.2019.05.002,WOS:000471007700020,"Ooka, Reina",STEM CELL REPORTS
DO=10.1016/j.stemcr.2019.05.002,WOS:000471007700020,"Okawa, Ryuichiro",STEM CELL REPORTS
DO=10.1016/j.stemcr.2019.05.002,WOS:000471007700020,"Miyauchi, Jun",STEM CELL REPORTS
DO=10.1016/j.stemcr.2019.05.002,WOS:000471007700020,"Tsumura, Hideki",STEM CELL REPORTS
DO=10.1016/j.stemcr.2019.05.002,WOS:000471007700020,"Yoshimura, Yasunori",STEM CELL REPORTS
DO=10.1016/j.stemcr.2019.05.002,WOS:000471007700020,"Miyado, Kenji",STEM CELL REPORTS
DO=10.1016/j.stemcr.2019.05.002,WOS:000471007700020,"Akutsu, Hidenori",STEM CELL REPORTS
DO=10.1016/j.stemcr.2019.05.002,WOS:000471007700020,"Tanaka, Mamoru",STEM CELL REPORTS
DO=10.1016/j.stemcr.2019.05.002,WOS:000471007700020,"Umezawa, Akihiro",STEM CELL REPORTS
DO=10.1016/j.stemcr.2019.05.002,WOS:000471007700020,"Hamatanil, Toshio",STEM CELL REPORTS
DO=10.1016/j.heliyon.2022.e10366,WOS:000863048300022,"Yeboah, Genevieve Naana",HELIYON
DO=10.1016/j.heliyon.2022.e10366,WOS:000863048300022,"Owusu, Frederick William Akuffo",HELIYON
DO=10.1016/j.heliyon.2022.e10366,WOS:000863048300022,"Archer, Mary -Ann",HELIYON
DO=10.1016/j.heliyon.2022.e10366,WOS:000863048300022,"Kyene, Michael Odoi",HELIYON
DO=10.1016/j.heliyon.2022.e10366,WOS:000863048300022,"Kumadoh, Doris",HELIYON
DO=10.1016/j.heliyon.2022.e10366,WOS:000863048300022,"Ayertey, Frederick",HELIYON
DO=10.1016/j.heliyon.2022.e10366,WOS:000863048300022,"Mintah, Susana Oteng",HELIYON
DO=10.1016/j.heliyon.2022.e10366,WOS:000863048300022,"Junior, Peter Atta-Adjei",HELIYON
DO=10.1016/j.heliyon.2022.e10366,WOS:000863048300022,"Appiah, Alfred Ampomah",HELIYON
DO=10.1016/j.ocecoaman.2020.105242,WOS:000541741600010,"Carver, R.",OCEAN & COASTAL MANAGEMENT
DO=10.1016/j.ocecoaman.2020.105242,WOS:000541741600010,"Childs, J.",OCEAN & COASTAL MANAGEMENT
DO=10.1016/j.ocecoaman.2020.105242,WOS:000541741600010,"Steinberg, P.",OCEAN & COASTAL MANAGEMENT
DO=10.1016/j.ocecoaman.2020.105242,WOS:000541741600010,"Mabon, L.",OCEAN & COASTAL MANAGEMENT
DO=10.1016/j.ocecoaman.2020.105242,WOS:000541741600010,"Matsuda, H.",OCEAN & COASTAL MANAGEMENT
DO=10.1016/j.ocecoaman.2020.105242,WOS:000541741600010,"Squire, R.",OCEAN & COASTAL MANAGEMENT
DO=10.1016/j.ocecoaman.2020.105242,WOS:000541741600010,"McLellan, B.",OCEAN & COASTAL MANAGEMENT
DO=10.1016/j.ocecoaman.2020.105242,WOS:000541741600010,"Esteban, M.",OCEAN & COASTAL MANAGEMENT
DO=10.1016/j.sbspro.2014.12.540,WOS:000360457900068,"Kornienko, Anna A.",PROCEEDINGS OF THE INTERNATIONAL CONFERENCE ON RESEARCH PARADIGMS TRANSFORMATION IN SOCIAL SCIENCES 2014 (RPTSS-2014)
DO=10.1016/j.sbspro.2014.12.540,WOS:000360457900068,"Ardashkin, I",PROCEEDINGS OF THE INTERNATIONAL CONFERENCE ON RESEARCH PARADIGMS TRANSFORMATION IN SOCIAL SCIENCES 2014 (RPTSS-2014)
DO=10.1016/j.sbspro.2014.12.540,WOS:000360457900068,"Bogdan, A",PROCEEDINGS OF THE INTERNATIONAL CONFERENCE ON RESEARCH PARADIGMS TRANSFORMATION IN SOCIAL SCIENCES 2014 (RPTSS-2014)
DO=10.1016/j.sbspro.2014.12.540,WOS:000360457900068,"Martyushev, N",PROCEEDINGS OF THE INTERNATIONAL CONFERENCE ON RESEARCH PARADIGMS TRANSFORMATION IN SOCIAL SCIENCES 2014 (RPTSS-2014)
DO=10.1016/j.erss.2020.101895,WOS:000624446600001,"Svensson, Oscar",ENERGY RESEARCH & SOCIAL SCIENCE
DO=10.1016/j.ijinfomgt.2021.102311,WOS:000633227100007,"Coombs, Crispin",INTERNATIONAL JOURNAL OF INFORMATION MANAGEMENT
DO=10.1016/j.ijinfomgt.2021.102311,WOS:000633227100007,"Stacey, Patrick",INTERNATIONAL JOURNAL OF INFORMATION MANAGEMENT
DO=10.1016/j.ijinfomgt.2021.102311,WOS:000633227100007,"Kawalek, Peter",INTERNATIONAL JOURNAL OF INFORMATION MANAGEMENT
DO=10.1016/j.ijinfomgt.2021.102311,WOS:000633227100007,"Simeonova, Boyka",INTERNATIONAL JOURNAL OF INFORMATION MANAGEMENT
DO=10.1016/j.ijinfomgt.2021.102311,WOS:000633227100007,"Becker, Joerg",INTERNATIONAL JOURNAL OF INFORMATION MANAGEMENT
DO=10.1016/j.ijinfomgt.2021.102311,WOS:000633227100007,"Bergener, Katrin",INTERNATIONAL JOURNAL OF INFORMATION MANAGEMENT
DO=10.1016/j.ijinfomgt.2021.102311,WOS:000633227100007,"Carvalho, Joao Alvaro",INTERNATIONAL JOURNAL OF INFORMATION MANAGEMENT
DO=10.1016/j.ijinfomgt.2021.102311,WOS:000633227100007,"Fantinato, Marcelo",INTERNATIONAL JOURNAL OF INFORMATION MANAGEMENT
DO=10.1016/j.ijinfomgt.2021.102311,WOS:000633227100007,"Garmann-Johnsen, Niels F.",INTERNATIONAL JOURNAL OF INFORMATION MANAGEMENT
DO=10.1016/j.ijinfomgt.2021.102311,WOS:000633227100007,"Grimme, Christian",INTERNATIONAL JOURNAL OF INFORMATION MANAGEMENT
DO=10.1016/j.ijinfomgt.2021.102311,WOS:000633227100007,"Stein, Armin",INTERNATIONAL JOURNAL OF INFORMATION MANAGEMENT
DO=10.1016/j.ijinfomgt.2021.102311,WOS:000633227100007,"Trautmann, Heike",INTERNATIONAL JOURNAL OF INFORMATION MANAGEMENT
DO=10.1016/j.cnp.2022.05.002,WOS:000815020100003,"Antal, Andrea",CLINICAL NEUROPHYSIOLOGY PRACTICE
DO=10.1016/j.cnp.2022.05.002,WOS:000815020100003,"Luber, Bruce",CLINICAL NEUROPHYSIOLOGY PRACTICE
DO=10.1016/j.cnp.2022.05.002,WOS:000815020100003,"Brem, Anna-Katharine",CLINICAL NEUROPHYSIOLOGY PRACTICE
DO=10.1016/j.cnp.2022.05.002,WOS:000815020100003,"Bikson, Marom",CLINICAL NEUROPHYSIOLOGY PRACTICE
DO=10.1016/j.cnp.2022.05.002,WOS:000815020100003,"Brunoni, Andre R.",CLINICAL NEUROPHYSIOLOGY PRACTICE
DO=10.1016/j.cnp.2022.05.002,WOS:000815020100003,"Kadosh, Roi Cohen",CLINICAL NEUROPHYSIOLOGY PRACTICE
DO=10.1016/j.cnp.2022.05.002,WOS:000815020100003,"Dubljevic, Veljko",CLINICAL NEUROPHYSIOLOGY PRACTICE
DO=10.1016/j.cnp.2022.05.002,WOS:000815020100003,"Fecteau, Shirley",CLINICAL NEUROPHYSIOLOGY PRACTICE
DO=10.1016/j.cnp.2022.05.002,WOS:000815020100003,"Ferreri, Florinda",CLINICAL NEUROPHYSIOLOGY PRACTICE
DO=10.1016/j.cnp.2022.05.002,WOS:000815020100003,"Floeel, Agnes",CLINICAL NEUROPHYSIOLOGY PRACTICE
DO=10.1016/j.cnp.2022.05.002,WOS:000815020100003,"Hallett, Mark",CLINICAL NEUROPHYSIOLOGY PRACTICE
DO=10.1016/j.cnp.2022.05.002,WOS:000815020100003,"Hamilton, Roy H.",CLINICAL NEUROPHYSIOLOGY PRACTICE
DO=10.1016/j.cnp.2022.05.002,WOS:000815020100003,"Herrmann, Christoph S.",CLINICAL NEUROPHYSIOLOGY PRACTICE
DO=10.1016/j.cnp.2022.05.002,WOS:000815020100003,"Lavidor, Michal",CLINICAL NEUROPHYSIOLOGY PRACTICE
DO=10.1016/j.cnp.2022.05.002,WOS:000815020100003,"Loo, Collen",CLINICAL NEUROPHYSIOLOGY PRACTICE
DO=10.1016/j.cnp.2022.05.002,WOS:000815020100003,"Lustenberger, Caroline",CLINICAL NEUROPHYSIOLOGY PRACTICE
DO=10.1016/j.cnp.2022.05.002,WOS:000815020100003,"Machado, Sergio",CLINICAL NEUROPHYSIOLOGY PRACTICE
DO=10.1016/j.cnp.2022.05.002,WOS:000815020100003,"Miniussi, Carlo",CLINICAL NEUROPHYSIOLOGY PRACTICE
DO=10.1016/j.cnp.2022.05.002,WOS:000815020100003,"Moliadze, Vera",CLINICAL NEUROPHYSIOLOGY PRACTICE
DO=10.1016/j.cnp.2022.05.002,WOS:000815020100003,"Nitsche, Michael A.",CLINICAL NEUROPHYSIOLOGY PRACTICE
DO=10.1016/j.cnp.2022.05.002,WOS:000815020100003,"Rossi, Simone",CLINICAL NEUROPHYSIOLOGY PRACTICE
DO=10.1016/j.cnp.2022.05.002,WOS:000815020100003,"Rossini, Paolo M.",CLINICAL NEUROPHYSIOLOGY PRACTICE
DO=10.1016/j.cnp.2022.05.002,WOS:000815020100003,"Santarnecchi, Emiliano",CLINICAL NEUROPHYSIOLOGY PRACTICE
DO=10.1016/j.cnp.2022.05.002,WOS:000815020100003,"Seeck, Margitta",CLINICAL NEUROPHYSIOLOGY PRACTICE
DO=10.1016/j.cnp.2022.05.002,WOS:000815020100003,"Thut, Gregor",CLINICAL NEUROPHYSIOLOGY PRACTICE
DO=10.1016/j.cnp.2022.05.002,WOS:000815020100003,"Turi, Zsolt",CLINICAL NEUROPHYSIOLOGY PRACTICE
DO=10.1016/j.cnp.2022.05.002,WOS:000815020100003,"Ugawa, Yoshikazu",CLINICAL NEUROPHYSIOLOGY PRACTICE
DO=10.1016/j.cnp.2022.05.002,WOS:000815020100003,"Venkatasubramanian, Ganesan",CLINICAL NEUROPHYSIOLOGY PRACTICE
DO=10.1016/j.cnp.2022.05.002,WOS:000815020100003,"Wenderoth, Nicole",CLINICAL NEUROPHYSIOLOGY PRACTICE
DO=10.1016/j.cnp.2022.05.002,WOS:000815020100003,"Wexler, Anna",CLINICAL NEUROPHYSIOLOGY PRACTICE
DO=10.1016/j.cnp.2022.05.002,WOS:000815020100003,"Ziemann, Ulf",CLINICAL NEUROPHYSIOLOGY PRACTICE
DO=10.1016/j.cnp.2022.05.002,WOS:000815020100003,"Paulus, Walter",CLINICAL NEUROPHYSIOLOGY PRACTICE
DO=10.1016/j.stem.2014.07.003,WOS:000341441600010,"Buganim, Yosef",CELL STEM CELL
DO=10.1016/j.stem.2014.07.003,WOS:000341441600010,"Markoulaki, Styliani",CELL STEM CELL
DO=10.1016/j.stem.2014.07.003,WOS:000341441600010,"van Wietmarschen, Niek",CELL STEM CELL
DO=10.1016/j.stem.2014.07.003,WOS:000341441600010,"Hoke, Heather",CELL STEM CELL
DO=10.1016/j.stem.2014.07.003,WOS:000341441600010,"Wu, Tao",CELL STEM CELL
DO=10.1016/j.stem.2014.07.003,WOS:000341441600010,"Ganz, Kibibi",CELL STEM CELL
DO=10.1016/j.stem.2014.07.003,WOS:000341441600010,"Akhtar-Zaidi, Batool",CELL STEM CELL
DO=10.1016/j.stem.2014.07.003,WOS:000341441600010,"He, Yupeng",CELL STEM CELL
DO=10.1016/j.stem.2014.07.003,WOS:000341441600010,"Abraham, Brian J.",CELL STEM CELL
DO=10.1016/j.stem.2014.07.003,WOS:000341441600010,"Porubsky, David",CELL STEM CELL
DO=10.1016/j.stem.2014.07.003,WOS:000341441600010,"Kulenkampff, Elisabeth",CELL STEM CELL
DO=10.1016/j.stem.2014.07.003,WOS:000341441600010,"Faddah, Dina A.",CELL STEM CELL
DO=10.1016/j.stem.2014.07.003,WOS:000341441600010,"Shi, Linyu",CELL STEM CELL
DO=10.1016/j.stem.2014.07.003,WOS:000341441600010,"Gao, Qing",CELL STEM CELL
DO=10.1016/j.stem.2014.07.003,WOS:000341441600010,"Sarkar, Sovan",CELL STEM CELL
DO=10.1016/j.stem.2014.07.003,WOS:000341441600010,"Cohen, Malkiel",CELL STEM CELL
DO=10.1016/j.stem.2014.07.003,WOS:000341441600010,"Goldmann, Johanna",CELL STEM CELL
DO=10.1016/j.stem.2014.07.003,WOS:000341441600010,"Nery, Joseph R.",CELL STEM CELL
DO=10.1016/j.stem.2014.07.003,WOS:000341441600010,"Schultz, Matthew D.",CELL STEM CELL
DO=10.1016/j.stem.2014.07.003,WOS:000341441600010,"Ecker, Joseph R.",CELL STEM CELL
DO=10.1016/j.stem.2014.07.003,WOS:000341441600010,"Xiao, Andrew",CELL STEM CELL
DO=10.1016/j.stem.2014.07.003,WOS:000341441600010,"Young, Richard A.",CELL STEM CELL
DO=10.1016/j.stem.2014.07.003,WOS:000341441600010,"Lansdorp, Peter M.",CELL STEM CELL
DO=10.1016/j.stem.2014.07.003,WOS:000341441600010,"Jaenisch, Rudolf",CELL STEM CELL
DO=10.1016/j.cell.2013.10.001,WOS:000326934300011,"Flemr, Matyas",CELL
DO=10.1016/j.cell.2013.10.001,WOS:000326934300011,"Malik, Radek",CELL
DO=10.1016/j.cell.2013.10.001,WOS:000326934300011,"Franke, Vedran",CELL
DO=10.1016/j.cell.2013.10.001,WOS:000326934300011,"Nejepinska, Jana",CELL
DO=10.1016/j.cell.2013.10.001,WOS:000326934300011,"Sedlacek, Radislav",CELL
DO=10.1016/j.cell.2013.10.001,WOS:000326934300011,"Vlahovicek, Kristian",CELL
DO=10.1016/j.cell.2013.10.001,WOS:000326934300011,"Svoboda, Petr",CELL
DO=10.1016/j.worlddev.2020.105024,WOS:000554926900008,"Leach, Melissa",WORLD DEVELOPMENT
DO=10.1016/j.worlddev.2020.105024,WOS:000554926900008,"Nisbett, Nicholas",WORLD DEVELOPMENT
DO=10.1016/j.worlddev.2020.105024,WOS:000554926900008,"Cabral, Lidia",WORLD DEVELOPMENT
DO=10.1016/j.worlddev.2020.105024,WOS:000554926900008,"Harris, Jody",WORLD DEVELOPMENT
DO=10.1016/j.worlddev.2020.105024,WOS:000554926900008,"Hossain, Naomi",WORLD DEVELOPMENT
DO=10.1016/j.worlddev.2020.105024,WOS:000554926900008,"Thompson, John",WORLD DEVELOPMENT
DO=10.1016/S0021-9258(19)51075-4,0,0,0
DO=10.3366/film.2018.0093,WOS:000445527000011,"McMahon, Laura",FILM-PHILOSOPHY
DO=10.1080/20007493.2018.1464313,0,0,0
DO=10.1353/cj.2018.0068,0,0,0
DO=10.1096/fj.05-4286lsf,WOS:000240157700006,"Robert, Jason Scott",FASEB JOURNAL
DO=10.1002/fea2.12017,0,0,0
DO=10.1155/2012/210684,0,0,0
DO=10.13169/prometheus.36.4.0322,0,0,0
DO=10.1080/02690403.2019.1651508,WOS:000488522300007,"Schuiling, Floris",JOURNAL OF THE ROYAL MUSICAL ASSOCIATION
DO=10.3366/film.2019.0121,WOS:000488057400008,"Jenner, Joseph",FILM-PHILOSOPHY
DO=10.1002/fea2.12003,0,0,0
DO=10.18261/issn.1500-1989-2017-02-07,0,0,0
DO=10.1155/2021/5593467,WOS:000665829000005,"Velazquez, Lourdes",JOURNAL OF HEALTHCARE ENGINEERING
DO=10.1002/fea2.12018,0,0,0
DO=10.1353/fgs.2018.0002,WOS:000454988200003,"Janson, Deborah",FEMINIST GERMAN STUDIES
DO=10.5194/gh-72-109-2017,0,0,0
DO=10.1017/sus.2020.28,WOS:000769813600034,"Rupprecht, Christoph D. D.",GLOBAL SUSTAINABILITY
DO=10.1017/sus.2020.28,WOS:000769813600034,"Vervoort, Joost",GLOBAL SUSTAINABILITY
DO=10.1017/sus.2020.28,WOS:000769813600034,"Berthelsen, Chris",GLOBAL SUSTAINABILITY
DO=10.1017/sus.2020.28,WOS:000769813600034,"Mangnus, Astrid",GLOBAL SUSTAINABILITY
DO=10.1017/sus.2020.28,WOS:000769813600034,"Osborne, Natalie",GLOBAL SUSTAINABILITY
DO=10.1017/sus.2020.28,WOS:000769813600034,"Thompson, Kyle",GLOBAL SUSTAINABILITY
DO=10.1017/sus.2020.28,WOS:000769813600034,"Urushima, Andrea Y. F.",GLOBAL SUSTAINABILITY
DO=10.1017/sus.2020.28,WOS:000769813600034,"Kovskaya, Maya",GLOBAL SUSTAINABILITY
DO=10.1017/sus.2020.28,WOS:000769813600034,"Spiegelberg, Maximilian",GLOBAL SUSTAINABILITY
DO=10.1017/sus.2020.28,WOS:000769813600034,"Cristiano, Silvio",GLOBAL SUSTAINABILITY
DO=10.1017/sus.2020.28,WOS:000769813600034,"Springett, Jay",GLOBAL SUSTAINABILITY
DO=10.1017/sus.2020.28,WOS:000769813600034,"Marschutz, Benedikt",GLOBAL SUSTAINABILITY
DO=10.1017/sus.2020.28,WOS:000769813600034,"Flies, Emily J.",GLOBAL SUSTAINABILITY
DO=10.1017/sus.2020.28,WOS:000769813600034,"McGreevy, Steven R.",GLOBAL SUSTAINABILITY
DO=10.1017/sus.2020.28,WOS:000769813600034,"Droz, Layna",GLOBAL SUSTAINABILITY
DO=10.1017/sus.2020.28,WOS:000769813600034,"Breed, Martin F.",GLOBAL SUSTAINABILITY
DO=10.1017/sus.2020.28,WOS:000769813600034,"Gan, Jingchao",GLOBAL SUSTAINABILITY
DO=10.1017/sus.2020.28,WOS:000769813600034,"Shinkai, Rika",GLOBAL SUSTAINABILITY
DO=10.1017/sus.2020.28,WOS:000769813600034,"Kawai, Ayako",GLOBAL SUSTAINABILITY
DO=10.1017/aju.2018.88,0,0,0
DO=10.1017/aju.2018.90,0,0,0
DO=10.1080/20797222.2015.1101830,0,0,0
DO=10.1353/cj.2020.0052,0,0,0
DO=10.1080/20007493.2017.1308750,0,0,0
DO=10.3366/film.2020.0146,WOS:000589976300002,"Kent, Laurence",FILM-PHILOSOPHY
DO=10.1017/aju.2018.89,0,0,0
DO=10.1353/cj.2012.0039,WOS:000303281100008,"Landay, Lori",CINEMA JOURNAL
DO=10.1353/cj.2011.0049,0,0,0
DO=10.1017/sus.2020.27,WOS:000769813600033,"Hochachka, Gail",GLOBAL SUSTAINABILITY
DO=10.1353/cj.0.0027,0,0,0
DO=10.3366/film.2008.0010,WOS:000210432800010,"Botz-Bornstein, Thorsten",FILM-PHILOSOPHY
DO=10.1353/cj.2019.0059,WOS:000476943300005,"Schultz-Figueroa, Benjamin",JCMS-JOURNAL OF CINEMA AND MEDIA STUDIES
DO=10.3366/film.2006.0016,WOS:000210318400002,"Morrey, Douglas",FILM-PHILOSOPHY
DO=10.5194/gh-71-283-2016,0,0,0
DO=10.1017/rma.2020.18,WOS:000589088900006,"Wilson, Samuel",JOURNAL OF THE ROYAL MUSICAL ASSOCIATION
DO=10.5194/gh-73-273-2018,0,0,0
DO=10.3366/film.2015.0008,WOS:000210906300010,"Brown, William",FILM-PHILOSOPHY
DO=10.3366/film.2015.0008,WOS:000210906300010,"Fleming, David",FILM-PHILOSOPHY
DO=10.1353/cj.2018.0049,WOS:000439979200002,"Birks, Chelsea",CINEMA JOURNAL
DO=10.1353/cj.2018.0004,WOS:000429690300005,"Knowles, Kim",CINEMA JOURNAL
DO=10.3366/film.2017.0035,WOS:000396065800008,"Brown, William",FILM-PHILOSOPHY
DO=10.3366/cfs.2020.0009,0,0,0
DO=10.3366/film.2016.0013,WOS:000387250600004,"Horner, Kierran Argent",FILM-PHILOSOPHY
DO=10.1353/cj.0.0000,0,0,0
DO=10.18261/issn.1500-1989-2017-02-05,0,0,0
DO=10.1096/fj.06-1203ufm,0,0,0
DO=10.5194/gh-75-93-2020,0,0,0
DO=10.1353/cj.2019.0042,WOS:000476943300007,"McRuer, Robert",JCMS-JOURNAL OF CINEMA AND MEDIA STUDIES
DO=10.5194/gh-74-223-2019,0,0,0
DO=10.1353/cj.2012.0118,WOS:000311193700004,"Cameron, Allan",CINEMA JOURNAL
DO=10.1075/aila.00015.pen,WOS:000461187900006,"Pennycook, Alastair",AILA REVIEW
DO=10.1080/02690403.2014.944824,WOS:000343407200005,"Kramer, Lawrence",JOURNAL OF THE ROYAL MUSICAL ASSOCIATION
DO=10.1177/016146811711901206,0,0,0
DO=10.1177/016146811912101310,0,0,0
DO=10.1353/cj.2020.0053,WOS:000557612000019,"Szczepaniak-Gillece, Jocelyn",JCMS-JOURNAL OF CINEMA AND MEDIA STUDIES
DO=10.3366/film.2007.0037,WOS:000210321700023,"Mather, Philippe",FILM-PHILOSOPHY
DO=10.3366/film.2019.0123,WOS:000488057400010,"Jones, Andrew",FILM-PHILOSOPHY
DO=10.3366/film.2010.0001,0,0,0
DO=10.3366/film.2020.0142,WOS:000538014100010,"Martens, Reuben",FILM-PHILOSOPHY
